customer_id,first_name,last_name,gender,age,phone,email,city,registration_date,customer_type
501,Harsh,Joshi,Male,47,72267-52895,harsh.joshi38@gmail.com,Chennai,2025-03-31,Seasonal
502,Neha,Naidu,Female,34,72209-69029,neha.naidu50@gmail.com,Kolkata,2025-11-10,Regular
503,Akash,Pillai,Male,20,97251-35521,akash.pillai95@gmail.com,Bangalore,2025-06-21,Wholesale
504,Aanya,Kumar,Female,47,83154-10067,aanya.kumar63@gmail.com,Bangalore,2025-07-31,Walk-in
505,Vaishnavi,Jain,Female,27,78617-93271,vaishnavi.jain14@gmail.com,Bangalore,2024-06-12,Regular
506,Kavya,Reddy,Female,54,72621-81599,kavya.reddy71@gmail.com,Mumbai,2025-08-09,Regular
507,Vivek,Rao,Male,50,62015-33688,vivek.rao43@gmail.com,Delhi,2025-06-02,Regular
508,Aditya,Patel,Male,46,69872-05061,aditya.patel47@gmail.com,Kolkata,2025-11-17,Seasonal
509,Riya,Iyer,Female,31,93241-71467,riya.iyer72@gmail.com,Mumbai,2025-05-16,Regular
510,Akash,Yadav,Male,42,62565-27047,akash.yadav69@gmail.com,Pune,2024-05-17,Regular
511,Rohan,Shetty,Male,29,91586-93806,rohan.shetty76@gmail.com,Pune,2024-10-01,Regular
512,Tanvi,Rao,Female,64,87416-08989,tanvi.rao96@gmail.com,Hyderabad,2025-03-17,Wholesale
513,Varun,Chopra,Male,19,82332-06163,varun.chopra90@gmail.com,Hyderabad,2023-11-01,Regular
514,Divya,Saxena,Female,44,91686-85487,divya.saxena11@gmail.com,Pune,2025-11-16,Seasonal
515,Kavya,Agarwal,Female,43,82999-11914,kavya.agarwal78@gmail.com,Delhi,2025-07-30,Seasonal
516,Nisha,Banerjee,Female,74,69970-24629,nisha.banerjee87@gmail.com,Mumbai,2025-07-25,Regular
517,Yash,Rao,Male,47,73074-50544,yash.rao45@gmail.com,Mumbai,2025-12-23,Seasonal
518,Gaurav,Singh,Male,37,84754-69137,gaurav.singh37@gmail.com,Bangalore,2025-07-28,Regular
519,Bhavna,Verma,Female,75,70821-48628,bhavna.verma82@gmail.com,Delhi,2023-04-09,Seasonal
520,Ravi,Patel,Male,44,80705-34578,ravi.patel60@gmail.com,Delhi,2025-03-05,Regular
521,Vikram,Deshmukh,Male,21,69727-98552,vikram.deshmukh43@gmail.com,Pune,2025-12-19,Regular
522,Ankit,Sharma,Male,44,60293-33346,ankit.sharma75@gmail.com,Hyderabad,2023-12-16,Seasonal
523,Raj,Saxena,Male,27,82903-49446,raj.saxena58@gmail.com,Mumbai,2025-08-24,Regular
524,Riya,Chopra,Female,46,78969-10858,riya.chopra92@gmail.com,Bangalore,2025-05-25,Regular
525,Sakshi,Iyer,Female,43,61545-44432,sakshi.iyer76@gmail.com,Delhi,2025-01-30,Seasonal
526,Sakshi,Kulkarni,Female,25,80744-66609,sakshi.kulkarni83@gmail.com,Chennai,2025-06-25,Regular
527,Ritesh,Yadav,Male,68,65842-82417,ritesh.yadav26@gmail.com,Hyderabad,2025-10-14,Seasonal
528,Ritesh,Rao,Male,49,71353-46554,ritesh.rao84@gmail.com,Mumbai,2024-03-01,Regular
529,Priya,Pandey,Female,40,97381-68460,priya.pandey29@gmail.com,Bangalore,2023-04-13,Regular
530,Simran,Pillai,Female,39,62521-75250,simran.pillai10@gmail.com,Mumbai,2024-04-17,Seasonal
531,Suresh,Shetty,Male,65,87129-66667,suresh.shetty59@gmail.com,Bangalore,2023-10-01,Seasonal
532,Sameer,Deshmukh,Male,73,95830-03354,sameer.deshmukh26@gmail.com,Mumbai,2023-09-15,Walk-in
533,Pooja,Reddy,Female,40,94478-98562,pooja.reddy53@gmail.com,Mumbai,2025-09-08,Seasonal
534,Bhavna,Mehta,Female,75,86033-23098,bhavna.mehta31@gmail.com,Kolkata,2023-12-31,Regular
535,Yash,Rao,Male,35,78909-01001,yash.rao63@gmail.com,Hyderabad,2024-03-04,Walk-in
536,Shreya,Das,Female,28,83046-18499,shreya.das99@gmail.com,Mumbai,2023-02-23,Regular
537,Ankit,Iyer,Male,35,97393-48356,ankit.iyer47@gmail.com,Delhi,2023-10-08,Regular
538,Ritu,Mehta,Female,40,65300-11972,ritu.mehta21@gmail.com,Jaipur,2025-02-08,Seasonal
539,Krishna,Kumar,Male,55,87447-01204,krishna.kumar56@gmail.com,Kolkata,2025-06-10,Regular
540,Payal,Iyer,Female,49,90022-55794,payal.iyer21@gmail.com,Mumbai,2024-06-24,Regular
541,Aditya,Jain,Male,39,67467-62120,aditya.jain30@gmail.com,Delhi,2023-10-30,Regular
542,Kriti,Pillai,Female,33,62965-90277,kriti.pillai24@gmail.com,Pune,2025-08-14,Regular
543,Arjun,Kumar,Male,49,70899-35889,arjun.kumar22@gmail.com,Delhi,2024-05-07,Seasonal
544,Swati,Mukherjee,Female,41,62890-02877,swati.mukherjee31@gmail.com,Delhi,2023-09-09,Regular
545,Meera,Kulkarni,Female,25,70838-66317,meera.kulkarni66@gmail.com,Pune,2025-08-18,Regular
546,Gaurav,Mishra,Male,42,65170-16608,gaurav.mishra80@gmail.com,Hyderabad,2023-02-16,Seasonal
547,Vaishnavi,Verma,Female,26,87550-37589,vaishnavi.verma86@gmail.com,Bangalore,2024-12-02,Regular
548,Madhuri,Chopra,Female,36,91305-54885,madhuri.chopra99@gmail.com,Pune,2023-03-26,Regular
549,Ananya,Chaudhary,Female,40,61493-31637,ananya.chaudhary34@gmail.com,Hyderabad,2025-02-25,Seasonal
550,Priya,Saxena,Female,49,97798-27080,priya.saxena80@gmail.com,Pune,2025-10-27,Regular
551,Ritu,Verma,Female,20,89221-69958,ritu.verma59@gmail.com,Chennai,2024-11-07,Regular
552,Siddharth,Jain,Male,54,74722-69848,siddharth.jain50@gmail.com,Bangalore,2025-10-11,Walk-in
553,Rahul,Mehta,Male,53,75228-85158,rahul.mehta71@gmail.com,Pune,2025-12-08,Regular
554,Sakshi,Naidu,Female,28,76081-06200,sakshi.naidu35@gmail.com,Jaipur,2024-03-23,Regular
555,Sakshi,Kumar,Female,23,80438-05719,sakshi.kumar96@gmail.com,Bangalore,2025-04-25,Regular
556,Meera,Verma,Female,32,70666-58004,meera.verma35@gmail.com,Mumbai,2025-08-15,Regular
557,Mohit,Banerjee,Male,34,79893-34721,mohit.banerjee33@gmail.com,Pune,2025-09-21,Seasonal
558,Yash,Patel,Male,42,64842-29405,yash.patel69@gmail.com,Jaipur,2025-03-21,Seasonal
559,Rohan,Saxena,Male,32,79094-79851,rohan.saxena50@gmail.com,Hyderabad,2024-04-04,Regular
560,Shubham,Verma,Male,63,86886-15335,shubham.verma52@gmail.com,Mumbai,2024-04-21,Regular
561,Rashmi,Chaudhary,Female,28,91573-99305,rashmi.chaudhary58@gmail.com,Pune,2025-02-28,Regular
562,Ishita,Yadav,Female,29,70858-87704,ishita.yadav93@gmail.com,Hyderabad,2023-09-21,Regular
563,Aditya,Gupta,Male,47,91336-13861,aditya.gupta97@gmail.com,Mumbai,2023-08-24,Seasonal
564,Priya,Reddy,Female,47,90248-19346,priya.reddy59@gmail.com,Chennai,2024-07-26,Regular
565,Divya,Sharma,Female,51,61809-19015,divya.sharma74@gmail.com,Delhi,2023-12-18,Regular
566,Jyoti,Reddy,Female,40,77660-72832,jyoti.reddy60@gmail.com,Hyderabad,2025-10-07,Wholesale
567,Anjali,Nair,Female,42,75088-21009,anjali.nair86@gmail.com,Bangalore,2024-10-07,Regular
568,Ankit,Mehta,Male,31,73682-22394,ankit.mehta34@gmail.com,Bangalore,2023-12-10,Regular
569,Gaurav,Shetty,Male,64,68141-41397,gaurav.shetty52@gmail.com,Bangalore,2024-12-09,Regular
570,Aditya,Joshi,Male,33,93577-59492,aditya.joshi82@gmail.com,Hyderabad,2025-06-11,Regular
571,Pooja,Sharma,Female,52,73364-52577,pooja.sharma67@gmail.com,Mumbai,2024-06-05,Regular
572,Rashmi,Iyer,Female,54,89142-83411,rashmi.iyer12@gmail.com,Delhi,2025-11-20,Regular
573,Ravi,Pillai,Male,33,69308-48872,ravi.pillai56@gmail.com,Mumbai,2024-10-28,Regular
574,Ananya,Chopra,Female,34,96580-39282,ananya.chopra67@gmail.com,Bangalore,2023-10-17,Regular
575,Sameer,Naidu,Male,51,65037-31453,sameer.naidu15@gmail.com,Pune,2025-09-23,Regular
576,Nisha,Mishra,Female,46,60051-84498,nisha.mishra82@gmail.com,Chennai,2023-12-01,Wholesale
577,Swati,Pillai,Female,29,98463-86557,swati.pillai71@gmail.com,Jaipur,2025-01-04,Seasonal
578,Manish,Gupta,Male,40,81843-22259,manish.gupta25@gmail.com,Mumbai,2025-08-01,Wholesale
579,Payal,Iyer,Female,42,67739-26030,payal.iyer26@gmail.com,Delhi,2025-03-24,Regular
580,Akash,Verma,Male,37,99202-42869,akash.verma82@gmail.com,Kolkata,2025-12-05,Walk-in
581,Sneha,Mehta,Female,35,69772-36929,sneha.mehta33@gmail.com,Pune,2025-09-19,Seasonal
582,Pooja,Naidu,Female,47,77991-36621,pooja.naidu12@gmail.com,Mumbai,2024-09-15,Regular
583,Muskan,Nair,Female,37,92799-08811,muskan.nair71@gmail.com,Bangalore,2025-11-05,Regular
584,Krishna,Shetty,Male,49,68650-86376,krishna.shetty54@gmail.com,Hyderabad,2025-12-23,Wholesale
585,Pranav,Nair,Male,35,77314-98643,pranav.nair10@gmail.com,Kolkata,2025-01-04,Regular
586,Amit,Sharma,Male,47,63565-12694,amit.sharma43@gmail.com,Mumbai,2025-08-05,Seasonal
587,Jyoti,Kumar,Female,72,63688-72588,jyoti.kumar71@gmail.com,Chennai,2024-06-06,Walk-in
588,Bhavna,Das,Female,46,62137-21386,bhavna.das53@gmail.com,Chennai,2025-11-11,Regular
589,Karan,Jain,Male,45,91279-61143,karan.jain57@gmail.com,Pune,2023-01-20,Regular
590,Ritu,Jain,Female,75,79027-70384,ritu.jain34@gmail.com,Bangalore,2023-11-03,Regular
591,Vivek,Gupta,Male,64,95302-14656,vivek.gupta61@gmail.com,Hyderabad,2025-09-23,Seasonal
592,Sameer,Das,Male,43,91848-95543,sameer.das87@gmail.com,Hyderabad,2025-08-21,Regular
593,Tanvi,Sharma,Female,28,72681-81845,tanvi.sharma24@gmail.com,Delhi,2025-05-12,Regular
594,Madhuri,Chopra,Female,39,69735-77907,madhuri.chopra24@gmail.com,Hyderabad,2024-07-14,Regular
595,Ritesh,Das,Male,54,85658-80434,ritesh.das21@gmail.com,Chennai,2024-06-24,Regular
596,Deepak,Saxena,Male,48,87553-94237,deepak.saxena35@gmail.com,Kolkata,2024-05-03,Walk-in
597,Riya,Singh,Female,52,83952-11179,riya.singh10@gmail.com,Kolkata,2025-10-05,Regular
598,Gaurav,Mishra,Male,29,79579-47284,gaurav.mishra60@gmail.com,Chennai,2024-10-22,Seasonal
599,Vihaan,Verma,Male,24,67808-56271,vihaan.verma99@gmail.com,Mumbai,2024-06-10,Regular
600,Aarav,Mukherjee,Male,70,86915-59428,aarav.mukherjee43@gmail.com,Pune,2024-08-29,Wholesale
601,Swati,Gupta,Female,37,66365-56472,swati.gupta83@gmail.com,Bangalore,2023-10-22,Seasonal
602,Ravi,Iyer,Male,52,73866-32270,ravi.iyer32@gmail.com,Kolkata,2024-03-09,Regular
603,Kriti,Mishra,Female,46,74890-61203,kriti.mishra42@gmail.com,Mumbai,2024-11-18,Walk-in
604,Manish,Naidu,Male,37,74558-84506,manish.naidu25@gmail.com,Hyderabad,2024-12-13,Walk-in
605,Suresh,Pillai,Male,75,84558-77169,suresh.pillai46@gmail.com,Chennai,2024-03-15,Seasonal
606,Akash,Malhotra,Male,26,76996-11253,akash.malhotra50@gmail.com,Delhi,2024-05-29,Walk-in
607,Jyoti,Banerjee,Female,32,64759-87622,jyoti.banerjee12@gmail.com,Kolkata,2023-05-01,Walk-in
608,Payal,Das,Female,54,93261-11780,payal.das13@gmail.com,Mumbai,2025-09-26,Seasonal
609,Aditya,Kumar,Male,32,81643-34722,aditya.kumar77@gmail.com,Mumbai,2025-01-15,Regular
610,Ritesh,Deshmukh,Male,38,77784-87282,ritesh.deshmukh85@gmail.com,Hyderabad,2025-11-20,Regular
611,Komal,Banerjee,Female,63,75783-17456,komal.banerjee43@gmail.com,Mumbai,2023-01-06,Wholesale
612,Amit,Chaudhary,Male,47,85478-07740,amit.chaudhary65@gmail.com,Bangalore,2025-11-02,Regular
613,Shubham,Sharma,Male,25,73686-63266,shubham.sharma38@gmail.com,Chennai,2024-08-04,Regular
614,Amit,Shetty,Male,24,74846-31224,amit.shetty24@gmail.com,Bangalore,2025-11-13,Regular
615,Ishita,Das,Female,20,63502-08021,ishita.das46@gmail.com,Chennai,2024-08-12,Regular
616,Vikram,Reddy,Male,29,80735-64757,vikram.reddy99@gmail.com,Bangalore,2025-06-19,Wholesale
617,Ravi,Shetty,Male,38,80461-87234,ravi.shetty58@gmail.com,Pune,2025-03-04,Regular
618,Yash,Shetty,Male,50,63037-18376,yash.shetty97@gmail.com,Jaipur,2025-06-15,Regular
619,Akash,Naidu,Male,30,98814-74350,akash.naidu95@gmail.com,Pune,2024-02-27,Regular
620,Akash,Agarwal,Male,24,70249-16300,akash.agarwal84@gmail.com,Delhi,2025-09-01,Regular
621,Nikhil,Shetty,Male,46,93271-95005,nikhil.shetty92@gmail.com,Kolkata,2023-10-02,Regular
622,Rohan,Mishra,Male,54,85857-30652,rohan.mishra42@gmail.com,Pune,2025-09-06,Regular
623,Rashmi,Joshi,Female,32,63928-55749,rashmi.joshi80@gmail.com,Jaipur,2023-09-29,Seasonal
624,Manish,Joshi,Male,33,78570-86209,manish.joshi56@gmail.com,Delhi,2025-05-03,Regular
625,Payal,Reddy,Female,46,63878-29456,payal.reddy92@gmail.com,Pune,2024-02-19,Regular
626,Vihaan,Chaudhary,Male,24,82031-73109,vihaan.chaudhary92@gmail.com,Pune,2025-12-03,Regular
627,Komal,Bose,Female,34,70539-10371,komal.bose69@gmail.com,Mumbai,2025-02-01,Wholesale
628,Rashmi,Naidu,Female,30,65094-80141,rashmi.naidu37@gmail.com,Chennai,2025-02-19,Seasonal
629,Sameer,Singh,Male,20,63383-92886,sameer.singh23@gmail.com,Delhi,2025-10-23,Walk-in
630,Sakshi,Chopra,Female,69,61228-68528,sakshi.chopra86@gmail.com,Chennai,2024-06-29,Regular
631,Rashmi,Kulkarni,Female,38,76659-39836,rashmi.kulkarni80@gmail.com,Pune,2025-05-11,Wholesale
632,Aditi,Chopra,Female,39,60049-08240,aditi.chopra48@gmail.com,Kolkata,2025-04-20,Wholesale
633,Aanya,Shetty,Female,31,78889-92107,aanya.shetty55@gmail.com,Hyderabad,2023-05-16,Wholesale
634,Vaishnavi,Pillai,Female,75,83441-96931,vaishnavi.pillai51@gmail.com,Mumbai,2025-03-30,Regular
635,Muskan,Rao,Female,37,99409-61055,muskan.rao65@gmail.com,Pune,2024-03-02,Regular
636,Sameer,Banerjee,Male,43,96048-05892,sameer.banerjee51@gmail.com,Mumbai,2024-04-23,Seasonal
637,Vihaan,Mukherjee,Male,47,67998-13646,vihaan.mukherjee28@gmail.com,Hyderabad,2023-02-12,Regular
638,Tanvi,Naidu,Female,51,98641-68622,tanvi.naidu71@gmail.com,Chennai,2025-09-07,Regular
639,Anjali,Pillai,Female,33,88983-31465,anjali.pillai97@gmail.com,Kolkata,2025-02-15,Regular
640,Ritesh,Agarwal,Male,24,65535-59042,ritesh.agarwal54@gmail.com,Mumbai,2025-08-15,Seasonal
641,Manish,Patel,Male,48,83521-10392,manish.patel46@gmail.com,Pune,2023-12-22,Walk-in
642,Ankit,Chopra,Male,75,60538-33884,ankit.chopra80@gmail.com,Hyderabad,2024-03-13,Walk-in
643,Yash,Pillai,Male,53,94204-39407,yash.pillai93@gmail.com,Pune,2025-02-04,Walk-in
644,Sakshi,Kumar,Female,50,71046-36815,sakshi.kumar72@gmail.com,Chennai,2025-09-30,Regular
645,Karan,Mehta,Male,50,68003-84576,karan.mehta30@gmail.com,Mumbai,2023-12-17,Seasonal
646,Swati,Banerjee,Female,45,73840-46084,swati.banerjee38@gmail.com,Delhi,2023-07-21,Regular
647,Arjun,Naidu,Male,33,68936-39264,arjun.naidu87@gmail.com,Kolkata,2024-10-04,Regular
648,Rahul,Banerjee,Male,48,89832-48262,rahul.banerjee93@gmail.com,Bangalore,2025-03-22,Regular
649,Sneha,Yadav,Female,46,92520-56647,sneha.yadav91@gmail.com,Mumbai,2025-05-21,Regular
650,Varun,Mehta,Male,45,92209-94999,varun.mehta39@gmail.com,Delhi,2025-04-29,Seasonal
651,Nikhil,Reddy,Male,45,62897-52677,nikhil.reddy27@gmail.com,Mumbai,2023-04-26,Seasonal
652,Pranav,Shetty,Male,34,94633-31279,pranav.shetty72@gmail.com,Delhi,2025-08-23,Walk-in
653,Pranav,Jain,Male,26,99656-99988,pranav.jain92@gmail.com,Chennai,2025-01-20,Regular
654,Manish,Chopra,Male,48,93886-08680,manish.chopra34@gmail.com,Chennai,2024-07-22,Regular
655,Bhavna,Chaudhary,Female,54,77264-90827,bhavna.chaudhary92@gmail.com,Hyderabad,2024-09-13,Seasonal
656,Karan,Shetty,Male,48,86657-02793,karan.shetty68@gmail.com,Delhi,2023-06-15,Regular
657,Abhishek,Naidu,Male,31,91175-18689,abhishek.naidu30@gmail.com,Delhi,2024-07-13,Regular
658,Varun,Gupta,Male,42,79222-20644,varun.gupta67@gmail.com,Jaipur,2024-04-02,Regular
659,Krishna,Nair,Male,36,80940-77780,krishna.nair87@gmail.com,Delhi,2025-05-02,Seasonal
660,Suresh,Mukherjee,Male,54,67671-99038,suresh.mukherjee45@gmail.com,Hyderabad,2025-10-13,Seasonal
661,Vihaan,Gupta,Male,30,80502-09945,vihaan.gupta21@gmail.com,Pune,2023-08-02,Regular
662,Karan,Mukherjee,Male,51,79998-27950,karan.mukherjee21@gmail.com,Bangalore,2025-06-15,Regular
663,Vaishnavi,Jain,Female,69,96814-72145,vaishnavi.jain77@gmail.com,Mumbai,2024-04-17,Seasonal
664,Vivek,Patel,Male,35,99817-94695,vivek.patel43@gmail.com,Bangalore,2024-11-15,Regular
665,Ritu,Nair,Female,39,68772-93430,ritu.nair25@gmail.com,Hyderabad,2023-11-17,Walk-in
666,Sameer,Pandey,Male,64,89660-55830,sameer.pandey91@gmail.com,Hyderabad,2024-05-24,Seasonal
667,Kriti,Reddy,Female,32,74885-01556,kriti.reddy82@gmail.com,Hyderabad,2025-01-15,Regular
668,Rahul,Kulkarni,Male,48,77702-72785,rahul.kulkarni69@gmail.com,Bangalore,2025-07-31,Wholesale
669,Ravi,Verma,Male,37,79588-03955,ravi.verma18@gmail.com,Mumbai,2025-05-24,Regular
670,Harsh,Jain,Male,71,89962-91450,harsh.jain44@gmail.com,Hyderabad,2024-09-11,Regular
671,Nikhil,Chopra,Male,37,73842-15031,nikhil.chopra66@gmail.com,Delhi,2024-09-04,Walk-in
672,Rahul,Kulkarni,Male,22,68452-18230,rahul.kulkarni68@gmail.com,Bangalore,2024-09-24,Regular
673,Aarav,Joshi,Male,36,99157-01840,aarav.joshi83@gmail.com,Delhi,2025-11-24,Regular
674,Harsh,Mehta,Male,46,84485-71422,harsh.mehta45@gmail.com,Bangalore,2023-11-15,Regular
675,Rahul,Yadav,Male,37,78542-49321,rahul.yadav49@gmail.com,Hyderabad,2025-06-23,Seasonal
676,Priya,Nair,Female,55,97016-01662,priya.nair86@gmail.com,Mumbai,2025-11-19,Seasonal
677,Jyoti,Deshmukh,Female,46,75381-79217,jyoti.deshmukh22@gmail.com,Kolkata,2024-12-16,Seasonal
678,Shreya,Singh,Female,25,82945-62557,shreya.singh72@gmail.com,Bangalore,2023-09-01,Regular
679,Nikhil,Mishra,Male,55,62459-92816,nikhil.mishra23@gmail.com,Pune,2024-11-28,Seasonal
680,Shubham,Joshi,Male,54,66963-93827,shubham.joshi59@gmail.com,Kolkata,2023-04-17,Walk-in
681,Kriti,Agarwal,Female,45,78321-97199,kriti.agarwal69@gmail.com,Mumbai,2024-02-19,Regular
682,Pooja,Joshi,Female,24,61919-65701,pooja.joshi37@gmail.com,Bangalore,2025-10-25,Regular
683,Varun,Nair,Male,47,87846-99733,varun.nair97@gmail.com,Jaipur,2025-06-03,Regular
684,Ritu,Saxena,Female,38,65190-98624,ritu.saxena17@gmail.com,Delhi,2024-10-08,Regular
685,Aarav,Das,Male,26,71403-69656,aarav.das61@gmail.com,Hyderabad,2024-10-06,Regular
686,Ritesh,Gupta,Male,69,62386-56242,ritesh.gupta27@gmail.com,Pune,2023-11-28,Regular
687,Rohan,Naidu,Male,63,66212-67969,rohan.naidu33@gmail.com,Hyderabad,2024-08-05,Walk-in
688,Nisha,Deshmukh,Female,53,82690-97384,nisha.deshmukh62@gmail.com,Delhi,2025-10-23,Wholesale
689,Priya,Patel,Female,37,65197-12847,priya.patel76@gmail.com,Kolkata,2023-11-09,Wholesale
690,Vikram,Mishra,Male,46,98949-05807,vikram.mishra68@gmail.com,Kolkata,2024-08-28,Regular
691,Simran,Deshmukh,Female,73,74209-49407,simran.deshmukh84@gmail.com,Bangalore,2023-01-27,Regular
692,Kriti,Naidu,Female,48,94712-81442,kriti.naidu88@gmail.com,Pune,2024-05-11,Regular
693,Sameer,Iyer,Male,38,89275-24372,sameer.iyer77@gmail.com,Bangalore,2025-06-25,Regular
694,Rohan,Bose,Male,51,87663-72395,rohan.bose16@gmail.com,Delhi,2025-03-01,Regular
695,Karan,Chopra,Male,38,67478-36674,karan.chopra28@gmail.com,Delhi,2024-08-10,Regular
696,Ankit,Saxena,Male,68,66580-18569,ankit.saxena93@gmail.com,Delhi,2025-06-21,Seasonal
697,Ishita,Malhotra,Female,20,94967-39385,ishita.malhotra96@gmail.com,Bangalore,2025-04-03,Seasonal
698,Rashmi,Sharma,Female,39,91061-81753,rashmi.sharma46@gmail.com,Pune,2024-01-18,Regular
699,Vivek,Reddy,Male,71,99391-11926,vivek.reddy94@gmail.com,Chennai,2025-11-28,Regular
700,Krishna,Iyer,Male,46,84471-74654,krishna.iyer30@gmail.com,Hyderabad,2025-05-22,Regular
701,Yash,Jain,Male,53,70442-71739,yash.jain60@gmail.com,Delhi,2023-09-09,Wholesale
702,Rohan,Yadav,Male,71,63917-41011,rohan.yadav83@gmail.com,Bangalore,2025-08-17,Regular
703,Krishna,Mishra,Male,20,80064-25690,krishna.mishra75@gmail.com,Chennai,2025-09-09,Regular
704,Simran,Jain,Female,28,98306-71985,simran.jain52@gmail.com,Hyderabad,2025-07-25,Regular
705,Akash,Banerjee,Male,74,95851-74328,akash.banerjee15@gmail.com,Hyderabad,2025-12-05,Walk-in
706,Ankit,Das,Male,31,61571-73203,ankit.das13@gmail.com,Kolkata,2025-10-31,Regular
707,Raj,Jain,Male,44,98478-70050,raj.jain53@gmail.com,Delhi,2025-01-22,Walk-in
708,Kavya,Mehta,Female,61,68293-10270,kavya.mehta70@gmail.com,Mumbai,2025-11-13,Regular
709,Vikram,Das,Male,32,80204-17929,vikram.das18@gmail.com,Jaipur,2025-02-24,Seasonal
710,Raj,Bose,Male,66,81365-65198,raj.bose27@gmail.com,Mumbai,2024-04-19,Regular
711,Suresh,Gupta,Male,24,71142-62582,suresh.gupta66@gmail.com,Bangalore,2024-10-24,Walk-in
712,Rohan,Iyer,Male,43,62071-00219,rohan.iyer46@gmail.com,Kolkata,2024-08-31,Regular
713,Rahul,Nair,Male,52,78763-29092,rahul.nair73@gmail.com,Bangalore,2025-02-15,Seasonal
714,Swati,Agarwal,Female,49,98331-81958,swati.agarwal74@gmail.com,Delhi,2024-11-16,Regular
715,Siddharth,Patel,Male,53,81277-22005,siddharth.patel46@gmail.com,Delhi,2024-05-08,Seasonal
716,Jyoti,Malhotra,Female,33,60108-22078,jyoti.malhotra24@gmail.com,Delhi,2023-05-01,Wholesale
717,Tanvi,Pillai,Female,29,76353-15313,tanvi.pillai62@gmail.com,Delhi,2025-07-12,Regular
718,Arjun,Mishra,Male,68,60623-97265,arjun.mishra27@gmail.com,Delhi,2024-04-09,Regular
719,Ishita,Mehta,Female,28,72090-42177,ishita.mehta63@gmail.com,Mumbai,2023-06-25,Wholesale
720,Krishna,Joshi,Male,25,89298-31687,krishna.joshi37@gmail.com,Mumbai,2025-08-25,Regular
721,Aanya,Naidu,Female,36,63356-93929,aanya.naidu10@gmail.com,Pune,2024-01-23,Regular
722,Raj,Naidu,Male,32,96867-17731,raj.naidu81@gmail.com,Bangalore,2025-12-21,Regular
723,Riya,Nair,Female,25,74310-74279,riya.nair84@gmail.com,Hyderabad,2023-08-21,Regular
724,Bhavna,Nair,Female,26,62570-16580,bhavna.nair47@gmail.com,Hyderabad,2024-05-18,Regular
725,Shubham,Mukherjee,Male,38,99508-50165,shubham.mukherjee69@gmail.com,Bangalore,2025-07-07,Walk-in
726,Pooja,Banerjee,Female,48,98325-38179,pooja.banerjee99@gmail.com,Pune,2024-04-25,Regular
727,Swati,Rao,Female,21,78640-15577,swati.rao74@gmail.com,Jaipur,2024-03-03,Seasonal
728,Madhuri,Yadav,Female,41,77951-37116,madhuri.yadav32@gmail.com,Mumbai,2024-02-09,Regular
729,Karan,Kumar,Male,39,92723-80468,karan.kumar26@gmail.com,Delhi,2024-08-03,Wholesale
730,Payal,Banerjee,Female,55,94310-38569,payal.banerjee53@gmail.com,Jaipur,2025-06-17,Regular
731,Tanvi,Mukherjee,Female,48,67492-42437,tanvi.mukherjee57@gmail.com,Bangalore,2025-01-25,Regular
732,Nikhil,Joshi,Male,52,62928-42222,nikhil.joshi40@gmail.com,Bangalore,2023-06-12,Walk-in
733,Manish,Kumar,Male,34,72380-55257,manish.kumar79@gmail.com,Chennai,2025-10-01,Seasonal
734,Kavya,Saxena,Female,55,96727-52088,kavya.saxena52@gmail.com,Mumbai,2025-06-01,Regular
735,Vaishnavi,Joshi,Female,21,89751-70281,vaishnavi.joshi49@gmail.com,Mumbai,2023-11-13,Seasonal
736,Manish,Deshmukh,Male,38,95093-98343,manish.deshmukh12@gmail.com,Mumbai,2023-08-17,Regular
737,Amit,Jain,Male,40,87599-80562,amit.jain64@gmail.com,Chennai,2024-07-09,Seasonal
738,Ankit,Deshmukh,Male,39,74781-37674,ankit.deshmukh30@gmail.com,Pune,2025-08-06,Seasonal
739,Ananya,Chaudhary,Female,18,92347-85196,ananya.chaudhary21@gmail.com,Hyderabad,2023-11-24,Regular
740,Simran,Gupta,Female,29,69232-64870,simran.gupta48@gmail.com,Kolkata,2025-06-05,Regular
741,Rashmi,Naidu,Female,20,63002-44714,rashmi.naidu63@gmail.com,Bangalore,2023-12-19,Seasonal
742,Aarav,Iyer,Male,43,77195-97964,aarav.iyer90@gmail.com,Kolkata,2025-12-22,Walk-in
743,Nikhil,Verma,Male,35,94290-25725,nikhil.verma30@gmail.com,Pune,2023-07-04,Regular
744,Anjali,Saxena,Female,44,70448-18321,anjali.saxena86@gmail.com,Pune,2025-10-06,Regular
745,Preeti,Kulkarni,Female,39,74518-95202,preeti.kulkarni76@gmail.com,Delhi,2024-09-05,Regular
746,Divya,Saxena,Female,38,81328-33898,divya.saxena78@gmail.com,Bangalore,2025-12-26,Regular
747,Pranav,Chopra,Male,47,91207-54527,pranav.chopra86@gmail.com,Delhi,2024-06-24,Regular
748,Abhishek,Joshi,Male,45,91322-34232,abhishek.joshi20@gmail.com,Mumbai,2024-02-27,Regular
749,Aarav,Shetty,Male,49,66031-08907,aarav.shetty25@gmail.com,Jaipur,2025-01-23,Regular
750,Ankit,Mukherjee,Male,52,91193-93250,ankit.mukherjee21@gmail.com,Bangalore,2023-05-23,Regular
751,Swati,Gupta,Female,39,88911-90833,swati.gupta46@gmail.com,Delhi,2023-10-03,Regular
752,Sameer,Iyer,Male,73,88759-27125,sameer.iyer58@gmail.com,Bangalore,2024-09-20,Regular
753,Pranav,Iyer,Male,39,71718-27548,pranav.iyer15@gmail.com,Jaipur,2023-09-10,Regular
754,Yash,Joshi,Male,48,69473-86463,yash.joshi18@gmail.com,Bangalore,2025-09-01,Regular
755,Pooja,Sharma,Female,38,61678-11266,pooja.sharma98@gmail.com,Delhi,2025-02-22,Regular
756,Arjun,Deshmukh,Male,33,85396-13674,arjun.deshmukh84@gmail.com,Delhi,2025-11-26,Seasonal
757,Swati,Mishra,Female,29,67842-71147,swati.mishra73@gmail.com,Hyderabad,2024-03-09,Regular
758,Aditya,Naidu,Male,40,91702-69524,aditya.naidu89@gmail.com,Mumbai,2025-02-09,Seasonal
759,Kriti,Chopra,Female,24,84778-48588,kriti.chopra12@gmail.com,Bangalore,2025-01-17,Wholesale
760,Vaishnavi,Saxena,Female,38,96756-77002,vaishnavi.saxena81@gmail.com,Hyderabad,2025-06-05,Regular
761,Raj,Agarwal,Male,48,84671-97889,raj.agarwal70@gmail.com,Kolkata,2024-03-21,Seasonal
762,Yash,Kumar,Male,29,69695-45009,yash.kumar15@gmail.com,Delhi,2023-07-07,Seasonal
763,Kriti,Naidu,Female,43,95616-55650,kriti.naidu94@gmail.com,Kolkata,2024-04-30,Wholesale
764,Tanvi,Reddy,Female,70,94152-08507,tanvi.reddy94@gmail.com,Bangalore,2025-10-18,Regular
765,Ishita,Sharma,Female,38,69056-96591,ishita.sharma72@gmail.com,Chennai,2023-12-12,Regular
766,Harsh,Mishra,Male,46,72945-63718,harsh.mishra37@gmail.com,Bangalore,2024-01-25,Wholesale
767,Tanvi,Jain,Female,73,89191-95419,tanvi.jain77@gmail.com,Chennai,2024-04-17,Regular
768,Kriti,Reddy,Female,48,78468-53664,kriti.reddy89@gmail.com,Mumbai,2024-12-09,Seasonal
769,Krishna,Sharma,Male,20,89737-48969,krishna.sharma90@gmail.com,Delhi,2023-04-13,Walk-in
770,Aditi,Nair,Female,36,82466-51364,aditi.nair46@gmail.com,Mumbai,2025-05-12,Regular
771,Yash,Singh,Male,41,92303-47786,yash.singh64@gmail.com,Kolkata,2025-01-19,Regular
772,Karan,Kumar,Male,46,80448-20700,karan.kumar20@gmail.com,Bangalore,2024-06-01,Regular
773,Krishna,Agarwal,Male,52,71623-19818,krishna.agarwal95@gmail.com,Kolkata,2025-09-26,Regular
774,Shreya,Rao,Female,52,93915-59636,shreya.rao37@gmail.com,Jaipur,2023-03-31,Regular
775,Siddharth,Chopra,Male,28,64907-85158,siddharth.chopra64@gmail.com,Hyderabad,2024-05-06,Regular
776,Vaishnavi,Malhotra,Female,43,85754-09003,vaishnavi.malhotra42@gmail.com,Pune,2025-06-08,Regular
777,Vaishnavi,Malhotra,Female,38,98376-06441,vaishnavi.malhotra40@gmail.com,Mumbai,2024-03-23,Regular
778,Anjali,Kulkarni,Female,49,60417-76561,anjali.kulkarni30@gmail.com,Mumbai,2025-09-17,Regular
779,Nikhil,Agarwal,Male,44,77002-72063,nikhil.agarwal90@gmail.com,Hyderabad,2024-10-21,Regular
780,Aditya,Gupta,Male,42,88296-57724,aditya.gupta32@gmail.com,Mumbai,2025-06-17,Regular
781,Riya,Reddy,Female,23,65266-93008,riya.reddy92@gmail.com,Hyderabad,2025-04-28,Regular
782,Manish,Mehta,Male,33,72069-69421,manish.mehta57@gmail.com,Hyderabad,2023-10-18,Seasonal
783,Aarav,Das,Male,20,67713-33447,aarav.das58@gmail.com,Pune,2023-04-16,Regular
784,Ravi,Joshi,Male,34,86262-04439,ravi.joshi67@gmail.com,Bangalore,2025-07-09,Regular
785,Sneha,Sharma,Female,71,62563-66941,sneha.sharma22@gmail.com,Bangalore,2025-01-27,Regular
786,Ritu,Singh,Female,24,65990-04896,ritu.singh48@gmail.com,Mumbai,2025-12-10,Wholesale
787,Ananya,Rao,Female,46,99242-87572,ananya.rao21@gmail.com,Chennai,2024-09-28,Regular
788,Ananya,Kumar,Female,29,95027-45644,ananya.kumar88@gmail.com,Delhi,2025-05-16,Regular
789,Simran,Rao,Female,25,85728-70320,simran.rao39@gmail.com,Mumbai,2023-08-29,Walk-in
790,Pooja,Das,Female,41,66170-75877,pooja.das73@gmail.com,Pune,2023-03-17,Seasonal
791,Nikhil,Reddy,Male,38,84228-49939,nikhil.reddy10@gmail.com,Delhi,2024-10-19,Regular
792,Pranav,Saxena,Male,30,93715-04165,pranav.saxena85@gmail.com,Kolkata,2025-02-24,Regular
793,Ananya,Sharma,Female,48,97774-90509,ananya.sharma67@gmail.com,Delhi,2024-10-18,Regular
794,Rahul,Pandey,Male,55,94501-89616,rahul.pandey42@gmail.com,Chennai,2023-07-24,Seasonal
795,Aarav,Pandey,Male,27,82664-21476,aarav.pandey49@gmail.com,Mumbai,2025-11-05,Regular
796,Nikhil,Mukherjee,Male,64,95837-76749,nikhil.mukherjee86@gmail.com,Jaipur,2024-08-04,Wholesale
797,Jyoti,Gupta,Female,44,66108-57327,jyoti.gupta77@gmail.com,Bangalore,2025-09-26,Regular
798,Ankit,Chopra,Male,18,61742-24386,ankit.chopra47@gmail.com,Hyderabad,2025-10-10,Regular
799,Mohit,Patel,Male,46,98661-79454,mohit.patel84@gmail.com,Delhi,2023-09-15,Regular
800,Aditya,Naidu,Male,44,62260-16459,aditya.naidu68@gmail.com,Jaipur,2025-08-19,Regular
801,Divya,Saxena,Female,33,83219-41680,divya.saxena10@gmail.com,Hyderabad,2024-01-07,Regular
802,Akash,Mishra,Male,41,66974-99564,akash.mishra21@gmail.com,Kolkata,2023-01-08,Regular
803,Aditya,Chaudhary,Male,38,93037-23683,aditya.chaudhary21@gmail.com,Delhi,2024-08-25,Regular
804,Raj,Agarwal,Male,46,91227-77079,raj.agarwal41@gmail.com,Kolkata,2024-10-18,Regular
805,Priya,Kulkarni,Female,40,91667-99840,priya.kulkarni72@gmail.com,Mumbai,2024-09-19,Regular
806,Meera,Das,Female,34,98069-58146,meera.das70@gmail.com,Mumbai,2023-11-15,Seasonal
807,Aditi,Das,Female,21,60243-75738,aditi.das38@gmail.com,Chennai,2025-12-17,Regular
808,Ritu,Bose,Female,61,62466-57293,ritu.bose46@gmail.com,Bangalore,2025-02-14,Seasonal
809,Ananya,Gupta,Female,20,82971-67433,ananya.gupta81@gmail.com,Mumbai,2023-01-10,Regular
810,Vaishnavi,Kumar,Female,64,72280-15619,vaishnavi.kumar39@gmail.com,Hyderabad,2023-04-25,Regular
811,Ishita,Kulkarni,Female,34,70842-89107,ishita.kulkarni68@gmail.com,Mumbai,2025-02-26,Regular
812,Shubham,Bose,Male,25,98081-21352,shubham.bose47@gmail.com,Bangalore,2025-09-17,Regular
813,Payal,Pandey,Female,38,92552-13760,payal.pandey41@gmail.com,Delhi,2025-08-31,Regular
814,Neha,Verma,Female,37,81456-53286,neha.verma39@gmail.com,Bangalore,2023-08-08,Seasonal
815,Ritu,Agarwal,Female,32,68507-20811,ritu.agarwal53@gmail.com,Jaipur,2024-03-25,Regular
816,Priya,Jain,Female,51,92908-46684,priya.jain50@gmail.com,Bangalore,2025-01-05,Wholesale
817,Vaishnavi,Verma,Female,36,86738-99756,vaishnavi.verma35@gmail.com,Bangalore,2025-02-13,Seasonal
818,Deepak,Kulkarni,Male,24,62884-31884,deepak.kulkarni76@gmail.com,Mumbai,2024-11-21,Wholesale
819,Aarav,Sharma,Male,38,73468-10548,aarav.sharma55@gmail.com,Hyderabad,2023-11-30,Regular
820,Manish,Joshi,Male,18,97539-98935,manish.joshi48@gmail.com,Chennai,2024-10-20,Regular
821,Abhishek,Jain,Male,43,81589-35712,abhishek.jain64@gmail.com,Chennai,2025-02-11,Regular
822,Vihaan,Agarwal,Male,37,87371-58698,vihaan.agarwal76@gmail.com,Kolkata,2025-05-16,Walk-in
823,Anjali,Agarwal,Female,38,67622-82772,anjali.agarwal75@gmail.com,Delhi,2025-03-02,Wholesale
824,Manish,Mishra,Male,37,92851-96115,manish.mishra83@gmail.com,Mumbai,2024-09-24,Regular
825,Aditya,Deshmukh,Male,20,75447-02296,aditya.deshmukh16@gmail.com,Mumbai,2025-06-06,Seasonal
826,Riya,Gupta,Female,55,60185-10679,riya.gupta49@gmail.com,Mumbai,2025-06-22,Regular
827,Shreya,Chaudhary,Female,51,82877-72519,shreya.chaudhary95@gmail.com,Pune,2025-07-18,Seasonal
828,Krishna,Jain,Male,36,78074-12094,krishna.jain81@gmail.com,Chennai,2025-11-26,Regular
829,Rahul,Bose,Male,52,99837-80182,rahul.bose12@gmail.com,Hyderabad,2024-04-15,Wholesale
830,Ravi,Das,Male,38,61895-69070,ravi.das53@gmail.com,Hyderabad,2024-07-31,Regular
831,Gaurav,Verma,Male,41,76411-18242,gaurav.verma33@gmail.com,Bangalore,2024-02-15,Regular
832,Ankit,Agarwal,Male,24,80952-00461,ankit.agarwal50@gmail.com,Hyderabad,2023-06-15,Regular
833,Nisha,Chaudhary,Female,35,90339-93788,nisha.chaudhary59@gmail.com,Jaipur,2025-05-18,Wholesale
834,Harsh,Chopra,Male,49,61706-30489,harsh.chopra96@gmail.com,Delhi,2023-10-12,Regular
835,Ankit,Pillai,Male,41,67183-25823,ankit.pillai78@gmail.com,Bangalore,2025-10-12,Walk-in
836,Priya,Sharma,Female,41,69420-07494,priya.sharma97@gmail.com,Mumbai,2024-06-28,Walk-in
837,Suresh,Chaudhary,Male,53,70289-14161,suresh.chaudhary27@gmail.com,Hyderabad,2025-05-24,Regular
838,Riya,Bose,Female,36,75474-35537,riya.bose86@gmail.com,Chennai,2024-12-20,Regular
839,Akash,Saxena,Male,51,99700-26876,akash.saxena78@gmail.com,Bangalore,2023-11-29,Regular
840,Deepak,Sharma,Male,29,61569-56201,deepak.sharma69@gmail.com,Mumbai,2024-04-08,Regular
841,Aanya,Singh,Female,29,94531-94337,aanya.singh56@gmail.com,Jaipur,2023-09-10,Regular
842,Aarav,Mehta,Male,30,61498-72839,aarav.mehta96@gmail.com,Chennai,2025-10-17,Regular
843,Arjun,Pillai,Male,49,81249-38430,arjun.pillai98@gmail.com,Bangalore,2025-11-11,Regular
844,Sakshi,Yadav,Female,27,60605-66418,sakshi.yadav69@gmail.com,Chennai,2024-09-21,Regular
845,Krishna,Naidu,Male,49,80468-75063,krishna.naidu52@gmail.com,Mumbai,2023-10-20,Seasonal
846,Sameer,Singh,Male,39,61332-54110,sameer.singh71@gmail.com,Kolkata,2024-01-13,Seasonal
847,Muskan,Kumar,Female,49,81735-05831,muskan.kumar86@gmail.com,Chennai,2025-02-18,Regular
848,Tanvi,Iyer,Female,46,90065-12070,tanvi.iyer48@gmail.com,Pune,2025-08-10,Regular
849,Aditya,Mukherjee,Male,70,98046-61963,aditya.mukherjee86@gmail.com,Pune,2025-11-16,Seasonal
850,Manish,Jain,Male,45,66991-50785,manish.jain85@gmail.com,Mumbai,2023-02-22,Wholesale
851,Vivek,Das,Male,39,99392-84567,vivek.das89@gmail.com,Mumbai,2024-05-04,Walk-in
852,Shubham,Patel,Male,21,92496-85498,shubham.patel28@gmail.com,Kolkata,2023-06-08,Seasonal
853,Neha,Deshmukh,Female,50,98920-38806,neha.deshmukh54@gmail.com,Delhi,2023-04-13,Seasonal
854,Shubham,Reddy,Male,26,73779-59959,shubham.reddy48@gmail.com,Chennai,2024-03-24,Regular
855,Manish,Rao,Male,27,97303-37933,manish.rao71@gmail.com,Kolkata,2025-06-19,Regular
856,Riya,Jain,Female,39,80501-50812,riya.jain47@gmail.com,Mumbai,2024-11-19,Regular
857,Priya,Sharma,Female,20,83423-42583,priya.sharma32@gmail.com,Mumbai,2023-04-01,Wholesale
858,Ritu,Iyer,Female,27,92615-34735,ritu.iyer57@gmail.com,Kolkata,2025-09-27,Wholesale
859,Vaishnavi,Das,Female,52,91223-38655,vaishnavi.das86@gmail.com,Chennai,2024-11-21,Regular
860,Mohit,Patel,Male,44,88425-30428,mohit.patel84@gmail.com,Mumbai,2025-04-18,Seasonal
861,Shubham,Mishra,Male,39,92868-57872,shubham.mishra51@gmail.com,Chennai,2025-09-27,Walk-in
862,Madhuri,Mishra,Female,55,64969-03337,madhuri.mishra40@gmail.com,Delhi,2024-06-05,Regular
863,Vaishnavi,Jain,Female,53,85481-21478,vaishnavi.jain55@gmail.com,Bangalore,2024-01-22,Regular
864,Komal,Bose,Female,24,76776-65754,komal.bose58@gmail.com,Pune,2023-08-15,Regular
865,Siddharth,Banerjee,Male,31,95148-88143,siddharth.banerjee22@gmail.com,Mumbai,2023-07-04,Regular
866,Deepak,Mehta,Male,40,73544-43928,deepak.mehta43@gmail.com,Hyderabad,2023-06-03,Wholesale
867,Muskan,Deshmukh,Female,55,66907-82633,muskan.deshmukh36@gmail.com,Delhi,2024-09-21,Walk-in
868,Payal,Chaudhary,Female,18,65153-66377,payal.chaudhary81@gmail.com,Delhi,2023-03-13,Regular
869,Ankit,Naidu,Male,51,97553-66684,ankit.naidu51@gmail.com,Mumbai,2025-10-18,Walk-in
870,Mohit,Nair,Male,47,85999-96636,mohit.nair18@gmail.com,Delhi,2024-04-06,Seasonal
871,Kavya,Kulkarni,Female,45,64121-82097,kavya.kulkarni13@gmail.com,Kolkata,2023-02-05,Regular
872,Neha,Mehta,Female,32,84817-05802,neha.mehta51@gmail.com,Mumbai,2025-07-30,Wholesale
873,Pooja,Iyer,Female,39,88671-63234,pooja.iyer65@gmail.com,Pune,2025-12-07,Regular
874,Pooja,Bose,Female,44,79387-43027,pooja.bose18@gmail.com,Jaipur,2025-11-06,Walk-in
875,Amit,Kulkarni,Male,36,67790-14754,amit.kulkarni60@gmail.com,Bangalore,2025-03-31,Regular
876,Meera,Gupta,Female,72,67629-16032,meera.gupta45@gmail.com,Hyderabad,2025-10-03,Wholesale
877,Sakshi,Saxena,Female,35,93768-15118,sakshi.saxena51@gmail.com,Bangalore,2024-03-25,Wholesale
878,Riya,Verma,Female,26,97017-65636,riya.verma14@gmail.com,Hyderabad,2023-02-28,Regular
879,Harsh,Mukherjee,Male,45,67711-83727,harsh.mukherjee45@gmail.com,Chennai,2025-03-29,Regular
880,Vivek,Iyer,Male,35,84186-21042,vivek.iyer66@gmail.com,Pune,2024-04-20,Wholesale
881,Krishna,Mukherjee,Male,46,87081-64709,krishna.mukherjee10@gmail.com,Bangalore,2023-07-13,Walk-in
882,Mohit,Singh,Male,33,73310-60053,mohit.singh97@gmail.com,Jaipur,2025-04-23,Regular
883,Shubham,Chaudhary,Male,46,82068-15583,shubham.chaudhary89@gmail.com,Delhi,2024-10-04,Regular
884,Simran,Iyer,Female,64,83155-20650,simran.iyer59@gmail.com,Chennai,2024-04-22,Regular
885,Ritesh,Chaudhary,Male,43,79501-36497,ritesh.chaudhary23@gmail.com,Hyderabad,2025-10-19,Walk-in
886,Siddharth,Iyer,Male,54,76252-57150,siddharth.iyer87@gmail.com,Mumbai,2025-08-18,Regular
887,Komal,Banerjee,Female,55,88903-09143,komal.banerjee64@gmail.com,Chennai,2025-11-14,Regular
888,Vihaan,Nair,Male,46,77432-63039,vihaan.nair66@gmail.com,Hyderabad,2025-06-18,Regular
889,Siddharth,Kulkarni,Male,44,98640-35533,siddharth.kulkarni79@gmail.com,Hyderabad,2023-12-07,Regular
890,Shubham,Mukherjee,Male,27,89685-27017,shubham.mukherjee18@gmail.com,Delhi,2025-01-27,Regular
891,Rahul,Nair,Male,37,92983-38167,rahul.nair49@gmail.com,Mumbai,2023-04-12,Regular
892,Pranav,Gupta,Male,35,84497-34715,pranav.gupta60@gmail.com,Mumbai,2024-08-29,Wholesale
893,Simran,Verma,Female,46,62706-61498,simran.verma29@gmail.com,Bangalore,2025-03-31,Regular
894,Nisha,Chopra,Female,55,77468-97152,nisha.chopra70@gmail.com,Pune,2023-04-08,Regular
895,Aarav,Pandey,Male,46,77666-56749,aarav.pandey19@gmail.com,Jaipur,2024-01-20,Regular
896,Yash,Saxena,Male,62,83645-87506,yash.saxena64@gmail.com,Jaipur,2025-05-05,Regular
897,Priya,Saxena,Female,38,70249-72439,priya.saxena84@gmail.com,Hyderabad,2025-03-24,Regular
898,Aditya,Shetty,Male,25,96691-83626,aditya.shetty42@gmail.com,Kolkata,2025-09-14,Regular
899,Tanvi,Joshi,Female,30,61195-24364,tanvi.joshi10@gmail.com,Delhi,2025-09-09,Regular
900,Aditya,Reddy,Male,70,68646-22522,aditya.reddy35@gmail.com,Pune,2024-09-14,Walk-in
901,Manish,Pillai,Male,75,82302-34679,manish.pillai23@gmail.com,Jaipur,2025-03-27,Wholesale
902,Ankit,Reddy,Male,29,61415-09377,ankit.reddy96@gmail.com,Kolkata,2025-01-05,Regular
903,Siddharth,Shetty,Male,34,99013-80698,siddharth.shetty44@gmail.com,Chennai,2025-08-31,Regular
904,Jyoti,Agarwal,Female,28,75553-56690,jyoti.agarwal55@gmail.com,Delhi,2025-02-21,Regular
905,Manish,Pandey,Male,42,62091-84357,manish.pandey89@gmail.com,Kolkata,2025-09-01,Walk-in
906,Sakshi,Mehta,Female,53,95050-57397,sakshi.mehta61@gmail.com,Chennai,2025-02-11,Regular
907,Simran,Saxena,Female,46,61649-32898,simran.saxena14@gmail.com,Bangalore,2023-02-14,Regular
908,Muskan,Mukherjee,Female,49,62717-83332,muskan.mukherjee94@gmail.com,Kolkata,2025-02-24,Seasonal
909,Madhuri,Sharma,Female,44,85643-47128,madhuri.sharma91@gmail.com,Pune,2025-02-16,Walk-in
910,Preeti,Singh,Female,30,95668-63341,preeti.singh47@gmail.com,Delhi,2023-02-15,Regular
911,Payal,Pillai,Female,47,81952-56904,payal.pillai17@gmail.com,Delhi,2025-04-08,Regular
912,Simran,Kulkarni,Female,50,72899-31608,simran.kulkarni68@gmail.com,Bangalore,2024-05-31,Regular
913,Raj,Mukherjee,Male,74,62942-09548,raj.mukherjee98@gmail.com,Mumbai,2023-12-28,Wholesale
914,Anjali,Chaudhary,Female,20,87460-52330,anjali.chaudhary32@gmail.com,Mumbai,2025-07-20,Regular
915,Muskan,Mukherjee,Female,32,80865-67566,muskan.mukherjee19@gmail.com,Mumbai,2024-05-24,Regular
916,Madhuri,Saxena,Female,69,88612-59047,madhuri.saxena93@gmail.com,Mumbai,2023-03-12,Regular
917,Madhuri,Mishra,Female,50,72333-05912,madhuri.mishra58@gmail.com,Mumbai,2025-08-07,Regular
918,Mohit,Patel,Male,42,95720-18596,mohit.patel29@gmail.com,Mumbai,2025-07-26,Regular
919,Vihaan,Iyer,Male,55,86749-26176,vihaan.iyer45@gmail.com,Delhi,2025-08-16,Regular
920,Aanya,Iyer,Female,40,91178-30999,aanya.iyer71@gmail.com,Hyderabad,2024-02-18,Seasonal
921,Yash,Mishra,Male,66,64921-51826,yash.mishra99@gmail.com,Kolkata,2023-10-12,Walk-in
922,Sneha,Verma,Female,55,93129-20875,sneha.verma25@gmail.com,Bangalore,2023-10-22,Regular
923,Akash,Gupta,Male,39,98401-18458,akash.gupta31@gmail.com,Delhi,2024-12-02,Wholesale
924,Vikram,Joshi,Male,34,98487-29758,vikram.joshi55@gmail.com,Bangalore,2025-09-19,Seasonal
925,Abhishek,Iyer,Male,41,93032-43298,abhishek.iyer37@gmail.com,Mumbai,2025-05-23,Wholesale
926,Sameer,Bose,Male,55,61844-62671,sameer.bose42@gmail.com,Bangalore,2025-12-22,Regular
927,Deepak,Mehta,Male,31,94359-89262,deepak.mehta50@gmail.com,Delhi,2025-08-11,Regular
928,Aanya,Bose,Female,29,81418-18615,aanya.bose91@gmail.com,Pune,2023-06-20,Seasonal
929,Ananya,Pandey,Female,26,84016-36112,ananya.pandey77@gmail.com,Delhi,2025-06-06,Regular
930,Kavya,Verma,Female,52,79484-91025,kavya.verma59@gmail.com,Delhi,2023-12-14,Regular
931,Shreya,Pillai,Female,54,84082-22694,shreya.pillai16@gmail.com,Bangalore,2025-11-24,Regular
932,Madhuri,Shetty,Female,52,89672-75784,madhuri.shetty45@gmail.com,Delhi,2025-09-24,Regular
933,Ankit,Banerjee,Male,28,94651-11312,ankit.banerjee83@gmail.com,Mumbai,2023-05-27,Wholesale
934,Kriti,Pandey,Female,49,96827-78816,kriti.pandey11@gmail.com,Hyderabad,2025-01-04,Seasonal
935,Madhuri,Yadav,Female,39,73890-97283,madhuri.yadav32@gmail.com,Kolkata,2023-03-10,Seasonal
936,Priya,Agarwal,Female,64,66251-53814,priya.agarwal48@gmail.com,Jaipur,2024-05-15,Regular
937,Aarav,Naidu,Male,27,63480-79705,aarav.naidu10@gmail.com,Delhi,2025-06-18,Regular
938,Swati,Iyer,Female,67,95265-01673,swati.iyer20@gmail.com,Mumbai,2024-03-19,Regular
939,Kavya,Saxena,Female,53,60243-76545,kavya.saxena64@gmail.com,Kolkata,2025-10-02,Wholesale
940,Kavya,Chopra,Female,25,62256-05313,kavya.chopra46@gmail.com,Pune,2023-07-22,Regular
941,Payal,Kulkarni,Female,37,92374-16787,payal.kulkarni97@gmail.com,Kolkata,2025-06-16,Regular
942,Komal,Naidu,Female,32,62110-22580,komal.naidu97@gmail.com,Pune,2024-12-13,Regular
943,Simran,Bose,Female,27,96744-71639,simran.bose29@gmail.com,Mumbai,2025-04-06,Regular
944,Siddharth,Shetty,Male,25,94363-71892,siddharth.shetty34@gmail.com,Delhi,2025-10-30,Seasonal
945,Vikram,Iyer,Male,28,86043-26093,vikram.iyer21@gmail.com,Hyderabad,2025-07-14,Regular
946,Komal,Joshi,Female,45,83567-08604,komal.joshi24@gmail.com,Mumbai,2024-05-23,Regular
947,Madhuri,Agarwal,Female,29,85020-00534,madhuri.agarwal70@gmail.com,Bangalore,2024-11-06,Wholesale
948,Pranav,Gupta,Male,34,77554-11082,pranav.gupta52@gmail.com,Pune,2024-07-04,Walk-in
949,Meera,Banerjee,Female,75,73961-12910,meera.banerjee85@gmail.com,Kolkata,2025-12-02,Regular
950,Rahul,Das,Male,29,61189-54738,rahul.das29@gmail.com,Pune,2023-04-09,Seasonal
951,Rashmi,Das,Female,40,78557-16176,rashmi.das77@gmail.com,Mumbai,2025-09-15,Regular
952,Karan,Bose,Male,25,72409-03678,karan.bose75@gmail.com,Jaipur,2025-03-26,Regular
953,Bhavna,Verma,Female,60,68669-43202,bhavna.verma83@gmail.com,Pune,2024-12-22,Walk-in
954,Krishna,Saxena,Male,51,68844-34481,krishna.saxena31@gmail.com,Mumbai,2024-09-30,Regular
955,Ankit,Patel,Male,55,84240-33810,ankit.patel93@gmail.com,Delhi,2024-11-05,Regular
956,Divya,Reddy,Female,41,72694-50053,divya.reddy45@gmail.com,Kolkata,2023-01-09,Regular
957,Sameer,Naidu,Male,49,64983-73543,sameer.naidu84@gmail.com,Delhi,2025-07-22,Seasonal
958,Manish,Singh,Male,34,65271-72722,manish.singh34@gmail.com,Hyderabad,2025-04-03,Regular
959,Aanya,Joshi,Female,32,82693-12163,aanya.joshi68@gmail.com,Pune,2025-07-26,Seasonal
960,Sameer,Verma,Male,50,80916-60100,sameer.verma26@gmail.com,Pune,2024-02-12,Walk-in
961,Ananya,Banerjee,Female,27,90185-13279,ananya.banerjee66@gmail.com,Jaipur,2025-06-07,Regular
962,Shreya,Nair,Female,53,80848-10018,shreya.nair47@gmail.com,Jaipur,2023-08-01,Regular
963,Aarav,Saxena,Male,42,80366-25436,aarav.saxena97@gmail.com,Bangalore,2025-02-27,Regular
964,Pooja,Iyer,Female,22,81451-95151,pooja.iyer15@gmail.com,Mumbai,2025-04-02,Regular
965,Komal,Kulkarni,Female,47,86249-45147,komal.kulkarni94@gmail.com,Pune,2024-05-15,Regular
966,Shubham,Sharma,Male,38,82526-77119,shubham.sharma64@gmail.com,Pune,2025-05-23,Regular
967,Arjun,Kulkarni,Male,20,82655-76769,arjun.kulkarni91@gmail.com,Chennai,2024-11-30,Regular
968,Yash,Agarwal,Male,38,68878-83619,yash.agarwal63@gmail.com,Jaipur,2024-12-21,Seasonal
969,Abhishek,Reddy,Male,46,85030-58721,abhishek.reddy17@gmail.com,Jaipur,2025-07-04,Regular
970,Ankit,Chopra,Male,36,88633-30212,ankit.chopra58@gmail.com,Hyderabad,2025-12-23,Regular
971,Swati,Patel,Female,22,99179-20252,swati.patel20@gmail.com,Pune,2024-01-07,Walk-in
972,Ananya,Shetty,Female,50,87284-76570,ananya.shetty46@gmail.com,Chennai,2023-01-31,Regular
973,Vivek,Shetty,Male,60,88206-67849,vivek.shetty74@gmail.com,Kolkata,2024-04-26,Regular
974,Ritu,Gupta,Female,40,71862-36903,ritu.gupta60@gmail.com,Mumbai,2023-10-14,Regular
975,Ravi,Das,Male,21,67566-20563,ravi.das44@gmail.com,Chennai,2023-02-09,Regular
976,Jyoti,Shetty,Female,68,70342-81139,jyoti.shetty11@gmail.com,Chennai,2025-06-08,Seasonal
977,Deepak,Mehta,Male,36,93419-90970,deepak.mehta16@gmail.com,Mumbai,2024-06-07,Seasonal
978,Nikhil,Shetty,Male,36,76835-65215,nikhil.shetty62@gmail.com,Pune,2025-09-15,Wholesale
979,Amit,Malhotra,Male,46,80967-90422,amit.malhotra97@gmail.com,Chennai,2024-11-16,Seasonal
980,Abhishek,Singh,Male,49,82288-98572,abhishek.singh53@gmail.com,Chennai,2024-11-15,Seasonal
981,Priya,Rao,Female,49,63399-12971,priya.rao11@gmail.com,Pune,2023-06-08,Regular
982,Raj,Iyer,Male,26,65242-14955,raj.iyer21@gmail.com,Chennai,2023-12-30,Regular
983,Ishita,Mishra,Female,35,77219-70546,ishita.mishra62@gmail.com,Delhi,2025-12-15,Walk-in
984,Manish,Deshmukh,Male,30,75168-74090,manish.deshmukh41@gmail.com,Jaipur,2025-10-15,Regular
985,Rohan,Pandey,Male,46,94629-61367,rohan.pandey95@gmail.com,Delhi,2023-08-27,Seasonal
986,Anjali,Yadav,Female,47,61121-66365,anjali.yadav18@gmail.com,Mumbai,2024-11-05,Regular
987,Riya,Das,Female,30,61470-82723,riya.das50@gmail.com,Jaipur,2025-11-04,Regular
988,Priya,Saxena,Female,27,76730-30644,priya.saxena91@gmail.com,Mumbai,2023-03-14,Walk-in
989,Siddharth,Jain,Male,55,94768-34201,siddharth.jain64@gmail.com,Mumbai,2024-06-01,Wholesale
990,Rahul,Deshmukh,Male,34,67782-65960,rahul.deshmukh81@gmail.com,Kolkata,2025-11-02,Regular
991,Arjun,Naidu,Male,50,85502-72751,arjun.naidu96@gmail.com,Mumbai,2024-09-23,Seasonal
992,Manish,Chaudhary,Male,26,87910-33682,manish.chaudhary86@gmail.com,Pune,2024-06-27,Regular
993,Rahul,Mukherjee,Male,34,95504-48177,rahul.mukherjee62@gmail.com,Kolkata,2024-06-29,Regular
994,Komal,Shetty,Female,51,71276-52892,komal.shetty79@gmail.com,Jaipur,2024-05-25,Regular
995,Anjali,Joshi,Female,33,91110-96179,anjali.joshi79@gmail.com,Hyderabad,2023-08-16,Regular
996,Ritesh,Joshi,Male,23,63378-61371,ritesh.joshi54@gmail.com,Delhi,2025-08-26,Regular
997,Ritu,Chaudhary,Female,36,60538-44446,ritu.chaudhary96@gmail.com,Pune,2024-07-31,Regular
998,Aarav,Sharma,Male,26,85895-52963,aarav.sharma81@gmail.com,Pune,2025-04-09,Regular
999,Muskan,Patel,Female,35,62626-58263,muskan.patel22@gmail.com,Kolkata,2025-03-06,Regular
1000,Akash,Pillai,Male,50,64825-31106,akash.pillai11@gmail.com,Pune,2025-10-31,Regular
1001,Aarav,Bose,Male,53,99602-75233,aarav.bose48@gmail.com,Jaipur,2023-05-06,Walk-in
1002,Bhavna,Kumar,Female,39,94120-91179,bhavna.kumar25@gmail.com,Jaipur,2023-05-25,Seasonal
1003,Vaishnavi,Gupta,Female,72,91753-61706,vaishnavi.gupta19@gmail.com,Chennai,2024-11-16,Seasonal
1004,Rahul,Mukherjee,Male,30,66572-24029,rahul.mukherjee90@gmail.com,Mumbai,2025-01-17,Regular
1005,Harsh,Deshmukh,Male,40,69980-28413,harsh.deshmukh87@gmail.com,Chennai,2023-01-12,Regular
1006,Rahul,Pandey,Male,50,71305-23124,rahul.pandey45@gmail.com,Pune,2024-02-17,Regular
1007,Madhuri,Yadav,Female,50,77768-63423,madhuri.yadav97@gmail.com,Delhi,2025-05-24,Seasonal
1008,Kavya,Pillai,Female,38,72376-76945,kavya.pillai89@gmail.com,Hyderabad,2023-07-16,Regular
1009,Riya,Pillai,Female,22,75172-08496,riya.pillai47@gmail.com,Pune,2025-11-27,Regular
1010,Nisha,Sharma,Female,65,92562-53135,nisha.sharma57@gmail.com,Delhi,2023-06-10,Regular
1011,Aarav,Kulkarni,Male,35,95379-53816,aarav.kulkarni46@gmail.com,Delhi,2025-09-27,Wholesale
1012,Aditya,Yadav,Male,35,79196-65533,aditya.yadav16@gmail.com,Kolkata,2025-09-13,Regular
1013,Siddharth,Agarwal,Male,34,91729-59639,siddharth.agarwal12@gmail.com,Mumbai,2024-11-25,Regular
1014,Mohit,Chopra,Male,47,72608-80501,mohit.chopra70@gmail.com,Mumbai,2023-08-01,Regular
1015,Ishita,Kulkarni,Female,47,76185-79064,ishita.kulkarni99@gmail.com,Bangalore,2025-09-10,Regular
1016,Ravi,Deshmukh,Male,39,90300-21563,ravi.deshmukh31@gmail.com,Mumbai,2023-07-08,Regular
1017,Mohit,Das,Male,24,94010-41459,mohit.das58@gmail.com,Jaipur,2024-03-28,Regular
1018,Suresh,Chopra,Male,73,92529-67188,suresh.chopra40@gmail.com,Bangalore,2025-12-05,Regular
1019,Ishita,Kulkarni,Female,50,63144-15833,ishita.kulkarni98@gmail.com,Pune,2023-09-11,Regular
1020,Rahul,Sharma,Male,62,87637-15398,rahul.sharma75@gmail.com,Mumbai,2025-06-09,Regular
1021,Anjali,Nair,Female,37,92356-79836,anjali.nair34@gmail.com,Kolkata,2023-08-05,Wholesale
1022,Ritesh,Joshi,Male,50,92711-30724,ritesh.joshi13@gmail.com,Mumbai,2024-09-28,Wholesale
1023,Swati,Kumar,Female,30,98156-32686,swati.kumar75@gmail.com,Chennai,2024-08-13,Walk-in
1024,Swati,Iyer,Female,64,96634-36294,swati.iyer77@gmail.com,Delhi,2025-09-23,Regular
1025,Kavya,Mukherjee,Female,46,93131-00943,kavya.mukherjee18@gmail.com,Mumbai,2024-05-21,Regular
1026,Krishna,Bose,Male,26,66613-47323,krishna.bose54@gmail.com,Bangalore,2025-12-28,Regular
1027,Payal,Sharma,Female,32,92897-43251,payal.sharma31@gmail.com,Hyderabad,2023-08-22,Walk-in
1028,Aarav,Mukherjee,Male,36,66502-41209,aarav.mukherjee55@gmail.com,Bangalore,2025-10-26,Regular
1029,Raj,Pandey,Male,55,87100-94388,raj.pandey31@gmail.com,Mumbai,2025-02-18,Regular
1030,Ankit,Malhotra,Male,44,77758-47457,ankit.malhotra11@gmail.com,Hyderabad,2025-06-04,Walk-in
1031,Vaishnavi,Verma,Female,39,61480-26325,vaishnavi.verma73@gmail.com,Mumbai,2023-10-23,Wholesale
1032,Swati,Mehta,Female,71,93614-87824,swati.mehta96@gmail.com,Pune,2024-06-18,Seasonal
1033,Tanvi,Agarwal,Female,27,74309-85916,tanvi.agarwal68@gmail.com,Bangalore,2025-06-27,Seasonal
1034,Kavya,Sharma,Female,41,62728-49824,kavya.sharma72@gmail.com,Pune,2024-05-30,Seasonal
1035,Manish,Patel,Male,35,84910-74065,manish.patel94@gmail.com,Delhi,2025-01-26,Regular
1036,Ananya,Deshmukh,Female,32,78821-42369,ananya.deshmukh20@gmail.com,Chennai,2024-01-17,Walk-in
1037,Ritu,Deshmukh,Female,60,86661-44942,ritu.deshmukh82@gmail.com,Mumbai,2024-06-14,Seasonal
1038,Ritesh,Shetty,Male,40,84268-34414,ritesh.shetty82@gmail.com,Bangalore,2025-08-25,Regular
1039,Yash,Malhotra,Male,54,61287-58575,yash.malhotra64@gmail.com,Delhi,2024-07-29,Seasonal
1040,Aanya,Saxena,Female,33,96129-43985,aanya.saxena26@gmail.com,Mumbai,2025-10-17,Walk-in
1041,Priya,Shetty,Female,47,62607-87010,priya.shetty44@gmail.com,Hyderabad,2025-11-29,Regular
1042,Harsh,Bose,Male,44,94975-01980,harsh.bose99@gmail.com,Mumbai,2024-03-14,Regular
1043,Ananya,Singh,Female,54,84407-93110,ananya.singh29@gmail.com,Jaipur,2025-03-03,Regular
1044,Vikram,Mehta,Male,66,97087-60146,vikram.mehta71@gmail.com,Delhi,2025-05-01,Regular
1045,Muskan,Bose,Female,52,69162-02232,muskan.bose75@gmail.com,Chennai,2025-10-07,Regular
1046,Raj,Mishra,Male,19,74197-54661,raj.mishra69@gmail.com,Pune,2024-08-05,Regular
1047,Aarav,Joshi,Male,74,61960-94097,aarav.joshi15@gmail.com,Mumbai,2025-07-01,Regular
1048,Manish,Rao,Male,70,64025-88358,manish.rao59@gmail.com,Chennai,2024-03-30,Regular
1049,Nikhil,Banerjee,Male,47,77244-61767,nikhil.banerjee87@gmail.com,Bangalore,2025-10-22,Seasonal
1050,Ananya,Das,Female,22,79959-96100,ananya.das30@gmail.com,Chennai,2024-12-06,Walk-in
1051,Raj,Saxena,Male,34,65331-26610,raj.saxena88@gmail.com,Delhi,2024-01-20,Seasonal
1052,Manish,Shetty,Male,47,79025-17629,manish.shetty81@gmail.com,Jaipur,2023-05-10,Regular
1053,Aditi,Mukherjee,Female,47,73326-83190,aditi.mukherjee90@gmail.com,Hyderabad,2025-02-19,Regular
1054,Vihaan,Malhotra,Male,50,80569-81528,vihaan.malhotra73@gmail.com,Delhi,2023-04-17,Seasonal
1055,Komal,Deshmukh,Female,32,79821-76619,komal.deshmukh20@gmail.com,Mumbai,2023-09-22,Regular
1056,Kavya,Iyer,Female,31,63098-50344,kavya.iyer59@gmail.com,Delhi,2025-02-04,Regular
1057,Ankit,Reddy,Male,32,88984-69081,ankit.reddy84@gmail.com,Hyderabad,2024-05-14,Regular
1058,Vihaan,Kulkarni,Male,25,64350-23850,vihaan.kulkarni40@gmail.com,Delhi,2024-10-15,Wholesale
1059,Nikhil,Reddy,Male,43,69918-72401,nikhil.reddy14@gmail.com,Jaipur,2024-04-25,Regular
1060,Simran,Mishra,Female,50,73000-38960,simran.mishra80@gmail.com,Mumbai,2024-07-17,Regular
1061,Madhuri,Nair,Female,64,66821-71955,madhuri.nair34@gmail.com,Bangalore,2024-01-30,Seasonal
1062,Vikram,Reddy,Male,27,93689-00301,vikram.reddy17@gmail.com,Pune,2023-04-03,Walk-in
1063,Priya,Kulkarni,Female,21,79342-96711,priya.kulkarni19@gmail.com,Mumbai,2024-10-05,Regular
1064,Raj,Das,Male,75,73745-84384,raj.das50@gmail.com,Mumbai,2025-09-15,Wholesale
1065,Vihaan,Deshmukh,Male,49,69741-32834,vihaan.deshmukh80@gmail.com,Mumbai,2024-07-09,Seasonal
1066,Vihaan,Singh,Male,43,67107-04496,vihaan.singh48@gmail.com,Bangalore,2025-02-13,Walk-in
1067,Siddharth,Pandey,Male,20,67066-70336,siddharth.pandey33@gmail.com,Mumbai,2025-09-30,Regular
1068,Ritesh,Joshi,Male,39,98509-54930,ritesh.joshi53@gmail.com,Mumbai,2025-11-15,Regular
1069,Preeti,Agarwal,Female,41,91864-87699,preeti.agarwal76@gmail.com,Mumbai,2024-07-14,Regular
1070,Payal,Saxena,Female,53,82044-13845,payal.saxena83@gmail.com,Jaipur,2024-11-11,Regular
1071,Swati,Kumar,Female,42,79014-95427,swati.kumar69@gmail.com,Chennai,2023-01-05,Regular
1072,Priya,Deshmukh,Female,30,68360-91498,priya.deshmukh50@gmail.com,Mumbai,2025-08-14,Regular
1073,Siddharth,Shetty,Male,29,74723-22903,siddharth.shetty24@gmail.com,Hyderabad,2025-04-05,Walk-in
1074,Tanvi,Kulkarni,Female,54,98304-40580,tanvi.kulkarni86@gmail.com,Bangalore,2024-02-25,Wholesale
1075,Amit,Chopra,Male,51,98133-59561,amit.chopra92@gmail.com,Delhi,2024-05-24,Regular
1076,Aarav,Kulkarni,Male,29,75657-49025,aarav.kulkarni15@gmail.com,Delhi,2024-03-17,Regular
1077,Aditya,Bose,Male,30,85889-53690,aditya.bose94@gmail.com,Chennai,2025-07-15,Walk-in
1078,Arjun,Saxena,Male,47,89898-68180,arjun.saxena87@gmail.com,Chennai,2024-09-25,Regular
1079,Divya,Kumar,Female,55,89435-35375,divya.kumar24@gmail.com,Delhi,2025-08-16,Regular
1080,Swati,Reddy,Female,69,78815-79376,swati.reddy39@gmail.com,Kolkata,2025-03-06,Regular
1081,Varun,Saxena,Male,33,69294-45511,varun.saxena62@gmail.com,Chennai,2024-03-16,Walk-in
1082,Anjali,Rao,Female,55,82702-16487,anjali.rao22@gmail.com,Jaipur,2023-01-18,Regular
1083,Aanya,Das,Female,29,81288-66526,aanya.das99@gmail.com,Kolkata,2025-12-31,Wholesale
1084,Kavya,Kulkarni,Female,44,79991-01576,kavya.kulkarni90@gmail.com,Pune,2024-08-11,Regular
1085,Bhavna,Mishra,Female,41,82981-20995,bhavna.mishra96@gmail.com,Bangalore,2025-07-14,Regular
1086,Aditi,Gupta,Female,43,71347-50988,aditi.gupta84@gmail.com,Bangalore,2024-08-06,Seasonal
1087,Divya,Jain,Female,64,72203-68499,divya.jain50@gmail.com,Hyderabad,2023-05-26,Seasonal
1088,Aditya,Joshi,Male,44,77732-44913,aditya.joshi95@gmail.com,Mumbai,2024-02-19,Regular
1089,Deepak,Chaudhary,Male,44,80908-83070,deepak.chaudhary57@gmail.com,Delhi,2024-10-19,Regular
1090,Payal,Chopra,Female,54,87411-76741,payal.chopra27@gmail.com,Hyderabad,2025-12-09,Wholesale
1091,Nikhil,Malhotra,Male,51,93152-85478,nikhil.malhotra96@gmail.com,Bangalore,2025-12-28,Seasonal
1092,Vaishnavi,Saxena,Female,27,96185-38003,vaishnavi.saxena27@gmail.com,Bangalore,2025-04-23,Regular
1093,Siddharth,Mishra,Male,23,87274-23183,siddharth.mishra10@gmail.com,Delhi,2024-09-08,Seasonal
1094,Abhishek,Gupta,Male,33,96496-93578,abhishek.gupta94@gmail.com,Hyderabad,2025-06-03,Seasonal
1095,Krishna,Joshi,Male,49,67695-87413,krishna.joshi24@gmail.com,Bangalore,2025-05-28,Regular
1096,Aditi,Kulkarni,Female,44,86127-51562,aditi.kulkarni71@gmail.com,Mumbai,2025-09-08,Seasonal
1097,Sakshi,Singh,Female,40,94483-60854,sakshi.singh96@gmail.com,Mumbai,2024-07-19,Regular
1098,Simran,Jain,Female,69,70473-50476,simran.jain38@gmail.com,Bangalore,2025-03-27,Regular
1099,Varun,Banerjee,Male,34,99952-98006,varun.banerjee21@gmail.com,Bangalore,2025-06-20,Regular
1100,Bhavna,Shetty,Female,50,90835-83286,bhavna.shetty39@gmail.com,Bangalore,2024-03-23,Regular
1101,Divya,Agarwal,Female,37,88300-08186,divya.agarwal72@gmail.com,Delhi,2023-05-25,Wholesale
1102,Aanya,Singh,Female,27,80416-62411,aanya.singh19@gmail.com,Pune,2024-12-26,Regular
1103,Aanya,Sharma,Female,30,81963-94568,aanya.sharma12@gmail.com,Jaipur,2024-08-22,Regular
1104,Aditya,Kumar,Male,40,66461-36847,aditya.kumar46@gmail.com,Chennai,2025-10-01,Walk-in
1105,Yash,Sharma,Male,35,66581-73906,yash.sharma39@gmail.com,Jaipur,2024-09-01,Regular
1106,Akash,Joshi,Male,35,72118-23793,akash.joshi20@gmail.com,Chennai,2023-11-12,Regular
1107,Komal,Naidu,Female,35,80746-45205,komal.naidu98@gmail.com,Delhi,2025-07-28,Regular
1108,Siddharth,Das,Male,52,88787-53577,siddharth.das75@gmail.com,Mumbai,2025-02-11,Wholesale
1109,Pranav,Das,Male,37,96202-81237,pranav.das24@gmail.com,Delhi,2023-08-06,Wholesale
1110,Pooja,Banerjee,Female,36,62866-04164,pooja.banerjee96@gmail.com,Mumbai,2024-06-14,Regular
1111,Tanvi,Banerjee,Female,28,82483-95894,tanvi.banerjee70@gmail.com,Mumbai,2024-06-18,Seasonal
1112,Karan,Verma,Male,39,60562-27104,karan.verma99@gmail.com,Delhi,2023-12-22,Regular
1113,Deepak,Chopra,Male,39,71097-92158,deepak.chopra38@gmail.com,Kolkata,2024-01-08,Regular
1114,Siddharth,Joshi,Male,28,69459-64883,siddharth.joshi19@gmail.com,Bangalore,2025-02-22,Wholesale
1115,Siddharth,Gupta,Male,21,79128-96599,siddharth.gupta87@gmail.com,Jaipur,2024-11-11,Regular
1116,Riya,Gupta,Female,38,93319-22270,riya.gupta51@gmail.com,Mumbai,2023-01-27,Regular
1117,Amit,Malhotra,Male,52,66754-81386,amit.malhotra58@gmail.com,Hyderabad,2025-12-28,Wholesale
1118,Swati,Joshi,Female,70,78193-24268,swati.joshi66@gmail.com,Delhi,2024-05-08,Walk-in
1119,Deepak,Rao,Male,70,65205-75639,deepak.rao81@gmail.com,Chennai,2025-04-08,Regular
1120,Swati,Gupta,Female,30,93758-30945,swati.gupta22@gmail.com,Delhi,2025-05-10,Regular
1121,Vivek,Kumar,Male,41,94760-44090,vivek.kumar70@gmail.com,Kolkata,2025-11-20,Seasonal
1122,Shreya,Gupta,Female,53,68105-09222,shreya.gupta20@gmail.com,Delhi,2024-03-02,Regular
1123,Manish,Banerjee,Male,25,95184-39055,manish.banerjee31@gmail.com,Pune,2025-10-28,Wholesale
1124,Komal,Sharma,Female,37,66013-82412,komal.sharma66@gmail.com,Hyderabad,2023-11-08,Regular
1125,Abhishek,Verma,Male,55,62044-85157,abhishek.verma82@gmail.com,Pune,2025-02-14,Regular
1126,Sneha,Iyer,Female,43,92125-90203,sneha.iyer91@gmail.com,Jaipur,2024-02-11,Regular
1127,Ankit,Chaudhary,Male,26,82406-42429,ankit.chaudhary50@gmail.com,Hyderabad,2024-04-06,Regular
1128,Vaishnavi,Mehta,Female,44,84474-17595,vaishnavi.mehta54@gmail.com,Chennai,2025-09-25,Seasonal
1129,Muskan,Banerjee,Female,75,80962-89365,muskan.banerjee92@gmail.com,Hyderabad,2025-05-28,Seasonal
1130,Harsh,Das,Male,25,71834-37401,harsh.das76@gmail.com,Mumbai,2025-04-06,Seasonal
1131,Ananya,Chopra,Female,38,75969-05150,ananya.chopra30@gmail.com,Jaipur,2024-06-20,Regular
1132,Anjali,Rao,Female,33,92542-78207,anjali.rao88@gmail.com,Pune,2024-10-21,Regular
1133,Payal,Jain,Female,49,63459-57640,payal.jain39@gmail.com,Kolkata,2025-09-17,Regular
1134,Pranav,Agarwal,Male,26,79690-28249,pranav.agarwal99@gmail.com,Chennai,2025-04-12,Wholesale
1135,Rohan,Mukherjee,Male,43,70142-57627,rohan.mukherjee10@gmail.com,Mumbai,2025-04-13,Wholesale
1136,Ankit,Joshi,Male,36,92336-13285,ankit.joshi10@gmail.com,Bangalore,2024-06-25,Seasonal
1137,Raj,Yadav,Male,27,63767-31625,raj.yadav27@gmail.com,Chennai,2024-06-16,Regular
1138,Muskan,Mukherjee,Female,39,69681-57903,muskan.mukherjee87@gmail.com,Bangalore,2023-05-01,Regular
1139,Swati,Kulkarni,Female,33,99961-32730,swati.kulkarni37@gmail.com,Jaipur,2024-02-17,Wholesale
1140,Nisha,Banerjee,Female,44,86244-67046,nisha.banerjee32@gmail.com,Kolkata,2023-12-16,Seasonal
1141,Manish,Malhotra,Male,28,95160-25298,manish.malhotra59@gmail.com,Delhi,2025-01-06,Regular
1142,Anjali,Mukherjee,Female,28,66046-41978,anjali.mukherjee57@gmail.com,Chennai,2025-12-31,Regular
1143,Preeti,Yadav,Female,50,71268-61205,preeti.yadav85@gmail.com,Bangalore,2024-09-20,Seasonal
1144,Simran,Patel,Female,71,64017-75095,simran.patel42@gmail.com,Mumbai,2024-12-11,Regular
1145,Bhavna,Chaudhary,Female,31,98424-56075,bhavna.chaudhary48@gmail.com,Pune,2025-11-02,Regular
1146,Nikhil,Naidu,Male,37,98632-18122,nikhil.naidu91@gmail.com,Delhi,2024-05-20,Wholesale
1147,Aditi,Das,Female,26,88970-15502,aditi.das87@gmail.com,Pune,2025-11-23,Regular
1148,Yash,Verma,Male,23,95466-02416,yash.verma24@gmail.com,Pune,2025-10-20,Regular
1149,Neha,Bose,Female,40,80597-36424,neha.bose74@gmail.com,Pune,2025-11-06,Seasonal
1150,Ritu,Gupta,Female,29,74063-06244,ritu.gupta69@gmail.com,Delhi,2025-11-22,Regular
1151,Kavya,Singh,Female,41,80531-94979,kavya.singh63@gmail.com,Pune,2025-06-18,Regular
1152,Shreya,Saxena,Female,54,95555-72773,shreya.saxena78@gmail.com,Bangalore,2025-12-11,Regular
1153,Ishita,Jain,Female,30,99178-51385,ishita.jain48@gmail.com,Delhi,2024-06-10,Wholesale
1154,Sakshi,Chopra,Female,44,92992-95966,sakshi.chopra12@gmail.com,Hyderabad,2025-05-26,Regular
1155,Meera,Jain,Female,34,86911-63319,meera.jain47@gmail.com,Bangalore,2023-03-23,Regular
1156,Rashmi,Agarwal,Female,41,73694-55158,rashmi.agarwal78@gmail.com,Mumbai,2024-04-25,Walk-in
1157,Shreya,Shetty,Female,42,64722-64085,shreya.shetty69@gmail.com,Hyderabad,2025-12-16,Regular
1158,Yash,Pillai,Male,43,66630-93299,yash.pillai74@gmail.com,Bangalore,2025-11-03,Regular
1159,Aanya,Kulkarni,Female,51,82971-50968,aanya.kulkarni75@gmail.com,Kolkata,2025-03-24,Wholesale
1160,Swati,Naidu,Female,20,82735-24103,swati.naidu83@gmail.com,Delhi,2024-05-05,Regular
1161,Meera,Malhotra,Female,38,87819-52371,meera.malhotra10@gmail.com,Pune,2025-12-16,Seasonal
1162,Preeti,Verma,Female,50,66164-81980,preeti.verma66@gmail.com,Hyderabad,2024-01-31,Wholesale
1163,Kriti,Jain,Female,60,95687-61124,kriti.jain84@gmail.com,Mumbai,2025-02-27,Regular
1164,Nikhil,Agarwal,Male,33,72373-41517,nikhil.agarwal72@gmail.com,Jaipur,2025-05-14,Regular
1165,Neha,Das,Female,67,65749-49022,neha.das76@gmail.com,Hyderabad,2024-04-23,Seasonal
1166,Tanvi,Deshmukh,Female,43,74294-77422,tanvi.deshmukh28@gmail.com,Jaipur,2025-07-16,Seasonal
1167,Anjali,Singh,Female,41,93942-90458,anjali.singh76@gmail.com,Hyderabad,2024-11-12,Regular
1168,Nikhil,Banerjee,Male,44,89858-56728,nikhil.banerjee71@gmail.com,Jaipur,2023-07-14,Regular
1169,Ritesh,Reddy,Male,37,73433-24913,ritesh.reddy55@gmail.com,Mumbai,2024-10-18,Walk-in
1170,Ravi,Naidu,Male,46,83506-15814,ravi.naidu80@gmail.com,Chennai,2025-10-03,Regular
1171,Shubham,Patel,Male,43,69833-42337,shubham.patel32@gmail.com,Jaipur,2023-11-08,Regular
1172,Rashmi,Kumar,Female,63,93128-40333,rashmi.kumar84@gmail.com,Delhi,2025-09-02,Seasonal
1173,Kavya,Yadav,Female,39,95137-17173,kavya.yadav22@gmail.com,Delhi,2024-04-20,Regular
1174,Neha,Pillai,Female,29,99617-39970,neha.pillai42@gmail.com,Mumbai,2025-11-04,Walk-in
1175,Shreya,Banerjee,Female,31,85878-44483,shreya.banerjee53@gmail.com,Delhi,2024-10-14,Regular
1176,Anjali,Chopra,Female,49,92705-87722,anjali.chopra18@gmail.com,Delhi,2025-12-11,Regular
1177,Kavya,Saxena,Female,40,65823-13348,kavya.saxena49@gmail.com,Mumbai,2024-09-28,Regular
1178,Kavya,Mukherjee,Female,48,79392-52362,kavya.mukherjee30@gmail.com,Hyderabad,2025-03-22,Regular
1179,Komal,Mishra,Female,47,64347-45245,komal.mishra55@gmail.com,Mumbai,2025-06-11,Walk-in
1180,Neha,Agarwal,Female,31,66060-65274,neha.agarwal12@gmail.com,Jaipur,2025-04-14,Seasonal
1181,Ritesh,Das,Male,46,74505-66588,ritesh.das35@gmail.com,Hyderabad,2025-11-13,Regular
1182,Preeti,Kumar,Female,37,91325-79706,preeti.kumar98@gmail.com,Bangalore,2025-12-28,Wholesale
1183,Meera,Kumar,Female,30,60105-48574,meera.kumar24@gmail.com,Pune,2024-02-07,Regular
1184,Bhavna,Naidu,Female,42,62294-93817,bhavna.naidu41@gmail.com,Hyderabad,2024-10-06,Walk-in
1185,Rashmi,Verma,Female,36,70215-57325,rashmi.verma69@gmail.com,Kolkata,2024-07-04,Wholesale
1186,Riya,Mukherjee,Female,52,74902-16667,riya.mukherjee16@gmail.com,Hyderabad,2025-01-31,Seasonal
1187,Aanya,Pillai,Female,45,60858-74951,aanya.pillai19@gmail.com,Chennai,2025-10-13,Walk-in
1188,Deepak,Gupta,Male,33,99793-16477,deepak.gupta29@gmail.com,Hyderabad,2025-02-07,Regular
1189,Akash,Pillai,Male,31,77860-69409,akash.pillai59@gmail.com,Hyderabad,2023-04-26,Regular
1190,Simran,Nair,Female,68,73958-73959,simran.nair29@gmail.com,Bangalore,2023-03-17,Regular
1191,Ankit,Gupta,Male,32,90890-28515,ankit.gupta50@gmail.com,Delhi,2025-12-03,Regular
1192,Rahul,Joshi,Male,69,86433-50271,rahul.joshi58@gmail.com,Jaipur,2023-04-17,Regular
1193,Priya,Chopra,Female,47,66336-91128,priya.chopra84@gmail.com,Hyderabad,2025-03-04,Regular
1194,Varun,Mehta,Male,47,97955-63318,varun.mehta56@gmail.com,Mumbai,2024-09-17,Seasonal
1195,Manish,Sharma,Male,40,96661-55416,manish.sharma93@gmail.com,Bangalore,2024-12-25,Seasonal
1196,Akash,Banerjee,Male,54,67045-02329,akash.banerjee11@gmail.com,Mumbai,2023-03-21,Seasonal
1197,Abhishek,Mishra,Male,68,90934-59626,abhishek.mishra32@gmail.com,Chennai,2023-09-23,Regular
1198,Sameer,Malhotra,Male,43,85120-73465,sameer.malhotra43@gmail.com,Bangalore,2025-01-15,Regular
1199,Harsh,Sharma,Male,37,60260-86982,harsh.sharma30@gmail.com,Delhi,2023-06-28,Regular
1200,Arjun,Agarwal,Male,72,91776-87290,arjun.agarwal49@gmail.com,Pune,2024-05-11,Seasonal
1201,Harsh,Mukherjee,Male,55,79177-93238,harsh.mukherjee26@gmail.com,Mumbai,2025-03-15,Regular
1202,Ritesh,Reddy,Male,29,96491-33424,ritesh.reddy52@gmail.com,Delhi,2025-08-25,Regular
1203,Bhavna,Rao,Female,34,85652-90603,bhavna.rao33@gmail.com,Pune,2023-11-21,Seasonal
1204,Ravi,Malhotra,Male,62,82650-97753,ravi.malhotra90@gmail.com,Kolkata,2025-10-23,Walk-in
1205,Aditi,Mehta,Female,39,69487-14855,aditi.mehta33@gmail.com,Hyderabad,2024-09-06,Regular
1206,Sakshi,Iyer,Female,48,78415-60821,sakshi.iyer39@gmail.com,Mumbai,2025-02-26,Regular
1207,Deepak,Das,Male,31,72547-68182,deepak.das60@gmail.com,Kolkata,2025-09-19,Regular
1208,Rohan,Chaudhary,Male,33,80358-92988,rohan.chaudhary16@gmail.com,Hyderabad,2025-07-05,Seasonal
1209,Abhishek,Verma,Male,68,85212-93289,abhishek.verma64@gmail.com,Chennai,2025-05-23,Regular
1210,Yash,Joshi,Male,44,68677-52401,yash.joshi42@gmail.com,Hyderabad,2025-12-09,Regular
1211,Riya,Saxena,Female,32,90622-72362,riya.saxena92@gmail.com,Pune,2024-10-29,Regular
1212,Vikram,Chaudhary,Male,46,71342-61923,vikram.chaudhary66@gmail.com,Kolkata,2023-05-22,Regular
1213,Aanya,Banerjee,Female,67,98481-97374,aanya.banerjee25@gmail.com,Bangalore,2024-11-08,Regular
1214,Ananya,Reddy,Female,26,74064-17692,ananya.reddy98@gmail.com,Hyderabad,2025-09-07,Seasonal
1215,Meera,Verma,Female,35,91995-37660,meera.verma91@gmail.com,Mumbai,2023-05-24,Regular
1216,Vaishnavi,Kumar,Female,28,76451-01739,vaishnavi.kumar73@gmail.com,Hyderabad,2024-08-10,Seasonal
1217,Kavya,Shetty,Female,29,68996-98609,kavya.shetty23@gmail.com,Kolkata,2025-11-26,Seasonal
1218,Suresh,Iyer,Male,22,93599-66057,suresh.iyer68@gmail.com,Pune,2025-09-25,Regular
1219,Yash,Chaudhary,Male,65,60392-05146,yash.chaudhary13@gmail.com,Hyderabad,2025-05-10,Regular
1220,Muskan,Mukherjee,Female,54,75347-05742,muskan.mukherjee36@gmail.com,Mumbai,2025-10-08,Regular
1221,Payal,Jain,Female,75,72715-59835,payal.jain49@gmail.com,Chennai,2023-02-16,Seasonal
1222,Divya,Bose,Female,31,62634-75575,divya.bose30@gmail.com,Bangalore,2025-06-15,Regular
1223,Aditya,Mehta,Male,34,78848-82691,aditya.mehta35@gmail.com,Delhi,2023-12-31,Wholesale
1224,Preeti,Kumar,Female,45,85856-26149,preeti.kumar82@gmail.com,Mumbai,2025-06-15,Regular
1225,Manish,Chaudhary,Male,24,93824-07333,manish.chaudhary38@gmail.com,Delhi,2024-04-20,Wholesale
1226,Aarav,Joshi,Male,43,80977-68893,aarav.joshi62@gmail.com,Delhi,2023-09-23,Regular
1227,Anjali,Pillai,Female,48,64546-55358,anjali.pillai55@gmail.com,Mumbai,2023-12-21,Seasonal
1228,Harsh,Pandey,Male,54,88921-87851,harsh.pandey87@gmail.com,Pune,2024-06-27,Seasonal
1229,Manish,Kumar,Male,19,97977-96120,manish.kumar81@gmail.com,Mumbai,2024-11-28,Regular
1230,Krishna,Deshmukh,Male,51,62151-49409,krishna.deshmukh72@gmail.com,Chennai,2024-03-09,Regular
1231,Riya,Mukherjee,Female,54,64845-39862,riya.mukherjee79@gmail.com,Mumbai,2025-10-28,Walk-in
1232,Preeti,Sharma,Female,24,95911-91862,preeti.sharma34@gmail.com,Hyderabad,2024-11-03,Seasonal
1233,Ravi,Gupta,Male,40,97151-16966,ravi.gupta58@gmail.com,Chennai,2025-03-12,Regular
1234,Pooja,Iyer,Female,48,75264-71246,pooja.iyer35@gmail.com,Delhi,2024-11-27,Regular
1235,Harsh,Chopra,Male,69,98409-08051,harsh.chopra31@gmail.com,Chennai,2023-09-28,Seasonal
1236,Aarav,Kulkarni,Male,25,64099-51239,aarav.kulkarni73@gmail.com,Kolkata,2023-04-22,Regular
1237,Kavya,Pandey,Female,44,89592-72827,kavya.pandey13@gmail.com,Mumbai,2025-10-03,Regular
1238,Shubham,Saxena,Male,35,74152-98217,shubham.saxena34@gmail.com,Chennai,2025-11-10,Wholesale
1239,Aditi,Saxena,Female,45,67181-53523,aditi.saxena72@gmail.com,Pune,2023-07-26,Regular
1240,Nikhil,Patel,Male,40,69181-58998,nikhil.patel76@gmail.com,Bangalore,2024-10-06,Regular
1241,Ankit,Kulkarni,Male,64,87346-66617,ankit.kulkarni13@gmail.com,Kolkata,2024-06-13,Regular
1242,Jyoti,Jain,Female,39,77408-03149,jyoti.jain83@gmail.com,Pune,2024-11-24,Regular
1243,Payal,Patel,Female,50,90463-58068,payal.patel77@gmail.com,Hyderabad,2025-09-18,Regular
1244,Sakshi,Das,Female,30,93172-35137,sakshi.das36@gmail.com,Bangalore,2025-11-10,Regular
1245,Vihaan,Saxena,Male,45,63140-35263,vihaan.saxena57@gmail.com,Chennai,2025-07-25,Wholesale
1246,Rohan,Nair,Male,30,89469-43460,rohan.nair63@gmail.com,Bangalore,2025-07-13,Walk-in
1247,Muskan,Rao,Female,20,87490-60723,muskan.rao19@gmail.com,Hyderabad,2025-03-01,Seasonal
1248,Krishna,Malhotra,Male,43,61285-24648,krishna.malhotra46@gmail.com,Delhi,2024-10-18,Wholesale
1249,Kavya,Shetty,Female,31,96318-73280,kavya.shetty70@gmail.com,Chennai,2024-02-27,Regular
1250,Vihaan,Chaudhary,Male,52,62113-69572,vihaan.chaudhary66@gmail.com,Hyderabad,2025-01-22,Seasonal
1251,Varun,Mehta,Male,37,70902-54257,varun.mehta35@gmail.com,Hyderabad,2025-01-29,Regular
1252,Nisha,Nair,Female,41,78132-35707,nisha.nair18@gmail.com,Chennai,2025-11-05,Seasonal
1253,Rashmi,Gupta,Female,37,88501-16880,rashmi.gupta89@gmail.com,Delhi,2025-06-14,Walk-in
1254,Priya,Nair,Female,30,93060-90691,priya.nair38@gmail.com,Jaipur,2025-01-19,Seasonal
1255,Aarav,Banerjee,Male,75,69649-67379,aarav.banerjee42@gmail.com,Jaipur,2024-11-21,Wholesale
1256,Shreya,Saxena,Female,32,87853-24264,shreya.saxena30@gmail.com,Delhi,2024-01-11,Regular
1257,Kriti,Joshi,Female,21,80768-36253,kriti.joshi61@gmail.com,Jaipur,2024-08-01,Seasonal
1258,Payal,Chopra,Female,49,66755-56283,payal.chopra41@gmail.com,Bangalore,2024-04-07,Regular
1259,Gaurav,Naidu,Male,35,77865-43627,gaurav.naidu23@gmail.com,Delhi,2024-08-19,Wholesale
1260,Vaishnavi,Chaudhary,Female,48,60335-82686,vaishnavi.chaudhary33@gmail.com,Kolkata,2025-01-13,Regular
1261,Yash,Pillai,Male,33,84926-93265,yash.pillai69@gmail.com,Mumbai,2024-03-07,Regular
1262,Divya,Bose,Female,47,91110-00515,divya.bose55@gmail.com,Hyderabad,2024-03-18,Regular
1263,Ankit,Chaudhary,Male,46,95959-77524,ankit.chaudhary48@gmail.com,Jaipur,2023-10-15,Seasonal
1264,Krishna,Rao,Male,34,82618-96288,krishna.rao90@gmail.com,Chennai,2024-05-23,Regular
1265,Aditya,Mukherjee,Male,46,87102-67672,aditya.mukherjee12@gmail.com,Delhi,2025-07-05,Regular
1266,Tanvi,Pillai,Female,53,87079-55151,tanvi.pillai32@gmail.com,Delhi,2023-06-03,Regular
1267,Ritu,Nair,Female,69,93541-59709,ritu.nair85@gmail.com,Delhi,2024-03-27,Regular
1268,Preeti,Kumar,Female,45,88480-75203,preeti.kumar99@gmail.com,Chennai,2024-08-17,Regular
1269,Divya,Patel,Female,69,77158-02909,divya.patel12@gmail.com,Mumbai,2024-04-12,Seasonal
1270,Nisha,Jain,Female,32,94655-86652,nisha.jain54@gmail.com,Bangalore,2025-10-10,Regular
1271,Raj,Joshi,Male,29,71715-81021,raj.joshi41@gmail.com,Bangalore,2023-07-11,Walk-in
1272,Rohan,Pillai,Male,39,81100-59129,rohan.pillai90@gmail.com,Kolkata,2025-08-24,Wholesale
1273,Kriti,Mukherjee,Female,44,99102-31211,kriti.mukherjee10@gmail.com,Bangalore,2024-12-17,Regular
1274,Rahul,Patel,Male,47,96583-73792,rahul.patel70@gmail.com,Delhi,2024-12-12,Regular
1275,Manish,Gupta,Male,40,91234-28931,manish.gupta99@gmail.com,Chennai,2025-04-07,Regular
1276,Gaurav,Kulkarni,Male,50,82694-96843,gaurav.kulkarni64@gmail.com,Pune,2024-06-25,Regular
1277,Amit,Sharma,Male,31,74210-17509,amit.sharma65@gmail.com,Mumbai,2023-08-17,Regular
1278,Sameer,Mukherjee,Male,46,95959-19457,sameer.mukherjee55@gmail.com,Jaipur,2025-09-03,Wholesale
1279,Shreya,Joshi,Female,52,65833-92056,shreya.joshi69@gmail.com,Bangalore,2025-06-16,Regular
1280,Aditi,Pandey,Female,41,67226-60256,aditi.pandey90@gmail.com,Kolkata,2023-07-07,Regular
1281,Pranav,Malhotra,Male,47,82923-10672,pranav.malhotra44@gmail.com,Chennai,2024-01-12,Regular
1282,Nisha,Gupta,Female,54,78433-79766,nisha.gupta30@gmail.com,Delhi,2024-12-06,Seasonal
1283,Nikhil,Iyer,Male,26,95794-23873,nikhil.iyer63@gmail.com,Delhi,2024-06-06,Regular
1284,Harsh,Banerjee,Male,53,79691-92845,harsh.banerjee57@gmail.com,Chennai,2025-03-07,Regular
1285,Tanvi,Mishra,Female,43,90756-33535,tanvi.mishra91@gmail.com,Bangalore,2025-09-01,Regular
1286,Rashmi,Kulkarni,Female,30,73259-39933,rashmi.kulkarni72@gmail.com,Delhi,2025-01-10,Regular
1287,Komal,Rao,Female,41,96295-18779,komal.rao44@gmail.com,Bangalore,2023-07-19,Seasonal
1288,Shubham,Shetty,Male,46,72507-33055,shubham.shetty89@gmail.com,Bangalore,2024-03-15,Regular
1289,Divya,Mishra,Female,43,79833-99140,divya.mishra34@gmail.com,Hyderabad,2024-09-15,Wholesale
1290,Meera,Malhotra,Female,53,66044-32400,meera.malhotra93@gmail.com,Delhi,2025-08-04,Walk-in
1291,Nikhil,Chopra,Male,50,87682-97514,nikhil.chopra68@gmail.com,Mumbai,2024-12-27,Wholesale
1292,Neha,Gupta,Female,19,85010-58752,neha.gupta50@gmail.com,Hyderabad,2025-07-12,Seasonal
1293,Akash,Agarwal,Male,39,76259-04599,akash.agarwal15@gmail.com,Mumbai,2025-01-29,Walk-in
1294,Raj,Reddy,Male,42,92218-23155,raj.reddy53@gmail.com,Hyderabad,2023-06-25,Regular
1295,Raj,Jain,Male,50,98662-81372,raj.jain24@gmail.com,Delhi,2025-05-14,Seasonal
1296,Vikram,Patel,Male,25,90370-03322,vikram.patel74@gmail.com,Pune,2024-07-17,Regular
1297,Aanya,Verma,Female,51,77068-10390,aanya.verma36@gmail.com,Mumbai,2024-09-08,Regular
1298,Nikhil,Das,Male,19,99582-63280,nikhil.das90@gmail.com,Kolkata,2025-05-25,Regular
1299,Rashmi,Deshmukh,Female,26,62394-53546,rashmi.deshmukh25@gmail.com,Kolkata,2025-08-20,Seasonal
1300,Manish,Bose,Male,47,63210-61339,manish.bose48@gmail.com,Chennai,2025-12-12,Regular
1301,Krishna,Pillai,Male,18,75703-94380,krishna.pillai49@gmail.com,Pune,2023-04-03,Walk-in
1302,Riya,Mishra,Female,62,65769-27789,riya.mishra46@gmail.com,Mumbai,2025-12-08,Seasonal
1303,Arjun,Bose,Male,75,90090-04047,arjun.bose58@gmail.com,Mumbai,2025-03-23,Seasonal
1304,Vihaan,Deshmukh,Male,21,83651-46040,vihaan.deshmukh25@gmail.com,Chennai,2024-05-14,Regular
1305,Ritu,Saxena,Female,29,81072-01137,ritu.saxena84@gmail.com,Kolkata,2025-05-20,Walk-in
1306,Aanya,Das,Female,48,61231-66007,aanya.das65@gmail.com,Jaipur,2025-07-31,Regular
1307,Aarav,Pillai,Male,38,91447-34043,aarav.pillai40@gmail.com,Mumbai,2025-01-01,Regular
1308,Gaurav,Pillai,Male,53,68730-45195,gaurav.pillai68@gmail.com,Jaipur,2025-10-06,Walk-in
1309,Nikhil,Mukherjee,Male,52,78825-56296,nikhil.mukherjee57@gmail.com,Bangalore,2024-06-26,Walk-in
1310,Ananya,Chaudhary,Female,72,68656-19425,ananya.chaudhary55@gmail.com,Chennai,2025-08-19,Walk-in
1311,Krishna,Patel,Male,46,78295-82923,krishna.patel98@gmail.com,Pune,2024-08-02,Seasonal
1312,Amit,Yadav,Male,64,98190-48235,amit.yadav72@gmail.com,Kolkata,2023-07-11,Seasonal
1313,Komal,Mukherjee,Female,36,63956-13723,komal.mukherjee10@gmail.com,Mumbai,2025-09-16,Wholesale
1314,Raj,Nair,Male,42,94364-38130,raj.nair12@gmail.com,Bangalore,2023-03-03,Seasonal
1315,Karan,Chaudhary,Male,29,91471-65609,karan.chaudhary48@gmail.com,Pune,2024-07-10,Walk-in
1316,Ankit,Agarwal,Male,32,69907-07550,ankit.agarwal42@gmail.com,Pune,2025-07-16,Seasonal
1317,Pranav,Das,Male,49,77060-71748,pranav.das21@gmail.com,Hyderabad,2023-11-20,Regular
1318,Manish,Jain,Male,20,73970-54873,manish.jain88@gmail.com,Delhi,2024-01-06,Seasonal
1319,Suresh,Pandey,Male,48,98718-27496,suresh.pandey78@gmail.com,Pune,2025-01-25,Wholesale
1320,Tanvi,Iyer,Female,42,62742-04956,tanvi.iyer24@gmail.com,Bangalore,2025-02-09,Regular
1321,Raj,Mishra,Male,32,80626-04235,raj.mishra97@gmail.com,Bangalore,2025-09-10,Regular
1322,Abhishek,Chopra,Male,36,91222-99077,abhishek.chopra56@gmail.com,Delhi,2025-08-09,Regular
1323,Abhishek,Verma,Male,31,78167-04686,abhishek.verma18@gmail.com,Bangalore,2023-05-15,Regular
1324,Shreya,Jain,Female,63,82102-19237,shreya.jain94@gmail.com,Mumbai,2025-07-11,Regular
1325,Shreya,Reddy,Female,23,89618-03324,shreya.reddy27@gmail.com,Pune,2025-07-20,Walk-in
1326,Nikhil,Patel,Male,49,91849-80425,nikhil.patel41@gmail.com,Mumbai,2025-04-20,Regular
1327,Ritesh,Mishra,Male,60,67312-68812,ritesh.mishra95@gmail.com,Kolkata,2023-09-19,Regular
1328,Gaurav,Shetty,Male,27,97819-23653,gaurav.shetty43@gmail.com,Bangalore,2024-08-09,Regular
1329,Gaurav,Kulkarni,Male,26,60356-79327,gaurav.kulkarni88@gmail.com,Delhi,2025-09-18,Seasonal
1330,Anjali,Pandey,Female,46,83984-71690,anjali.pandey63@gmail.com,Mumbai,2023-02-13,Walk-in
1331,Varun,Banerjee,Male,26,95464-75489,varun.banerjee51@gmail.com,Hyderabad,2025-08-29,Seasonal
1332,Nisha,Shetty,Female,26,87517-58891,nisha.shetty42@gmail.com,Mumbai,2025-05-19,Wholesale
1333,Jyoti,Verma,Female,32,85539-35435,jyoti.verma76@gmail.com,Bangalore,2025-05-23,Walk-in
1334,Jyoti,Agarwal,Female,49,89243-58853,jyoti.agarwal69@gmail.com,Mumbai,2025-03-30,Seasonal
1335,Sameer,Naidu,Male,26,73395-27536,sameer.naidu71@gmail.com,Hyderabad,2025-10-18,Regular
1336,Rashmi,Kulkarni,Female,34,84914-16860,rashmi.kulkarni18@gmail.com,Chennai,2023-05-11,Regular
1337,Aditi,Saxena,Female,54,78963-40679,aditi.saxena23@gmail.com,Hyderabad,2024-07-17,Regular
1338,Kavya,Nair,Female,35,81500-14188,kavya.nair44@gmail.com,Chennai,2023-02-19,Seasonal
1339,Riya,Patel,Female,49,90159-44633,riya.patel38@gmail.com,Pune,2025-10-20,Regular
1340,Ritu,Yadav,Female,35,73208-95326,ritu.yadav36@gmail.com,Bangalore,2024-01-09,Regular
1341,Arjun,Pillai,Male,53,77113-63379,arjun.pillai31@gmail.com,Bangalore,2025-04-23,Regular
1342,Kavya,Sharma,Female,46,84699-67331,kavya.sharma20@gmail.com,Bangalore,2024-08-15,Regular
1343,Ananya,Naidu,Female,38,69608-43768,ananya.naidu53@gmail.com,Bangalore,2024-09-12,Wholesale
1344,Muskan,Chopra,Female,26,85219-62633,muskan.chopra50@gmail.com,Delhi,2024-05-20,Walk-in
1345,Abhishek,Joshi,Male,43,86970-93170,abhishek.joshi59@gmail.com,Jaipur,2025-07-04,Regular
1346,Aanya,Mishra,Female,54,67616-45345,aanya.mishra43@gmail.com,Chennai,2024-03-27,Regular
1347,Gaurav,Pillai,Male,46,80650-31219,gaurav.pillai99@gmail.com,Hyderabad,2025-05-09,Regular
1348,Amit,Saxena,Male,40,77242-64236,amit.saxena49@gmail.com,Hyderabad,2023-02-04,Regular
1349,Gaurav,Reddy,Male,20,99248-76230,gaurav.reddy35@gmail.com,Hyderabad,2025-02-09,Seasonal
1350,Varun,Iyer,Male,72,72817-85228,varun.iyer33@gmail.com,Pune,2024-01-05,Regular
1351,Preeti,Gupta,Female,35,78088-06220,preeti.gupta70@gmail.com,Hyderabad,2023-03-09,Regular
1352,Gaurav,Bose,Male,38,79473-72132,gaurav.bose91@gmail.com,Delhi,2025-01-22,Walk-in
1353,Yash,Nair,Male,37,94787-68868,yash.nair69@gmail.com,Delhi,2025-09-24,Seasonal
1354,Kriti,Bose,Female,42,64862-87203,kriti.bose19@gmail.com,Mumbai,2025-07-08,Regular
1355,Kavya,Bose,Female,52,66645-05730,kavya.bose37@gmail.com,Mumbai,2024-11-22,Walk-in
1356,Manish,Pandey,Male,52,84632-03747,manish.pandey61@gmail.com,Mumbai,2024-08-26,Regular
1357,Vaishnavi,Mehta,Female,50,62603-21450,vaishnavi.mehta54@gmail.com,Jaipur,2024-07-16,Regular
1358,Sneha,Bose,Female,26,75887-07155,sneha.bose34@gmail.com,Pune,2024-09-16,Regular
1359,Aarav,Iyer,Male,55,88400-83850,aarav.iyer67@gmail.com,Delhi,2024-11-09,Seasonal
1360,Swati,Bose,Female,41,74508-91776,swati.bose75@gmail.com,Pune,2023-10-08,Regular
1361,Rohan,Saxena,Male,32,65742-23196,rohan.saxena45@gmail.com,Bangalore,2024-01-22,Regular
1362,Ankit,Sharma,Male,35,83693-62689,ankit.sharma42@gmail.com,Kolkata,2025-04-18,Seasonal
1363,Arjun,Gupta,Male,54,94713-72711,arjun.gupta95@gmail.com,Chennai,2024-06-24,Regular
1364,Preeti,Mishra,Female,36,79885-58298,preeti.mishra97@gmail.com,Chennai,2024-10-31,Regular
1365,Vikram,Chaudhary,Male,48,96745-84760,vikram.chaudhary85@gmail.com,Hyderabad,2024-05-11,Seasonal
1366,Ravi,Nair,Male,26,83372-18856,ravi.nair61@gmail.com,Mumbai,2024-06-18,Regular
1367,Sneha,Singh,Female,46,89715-06662,sneha.singh63@gmail.com,Chennai,2024-01-16,Regular
1368,Swati,Iyer,Female,26,73776-93663,swati.iyer46@gmail.com,Chennai,2024-03-25,Regular
1369,Pooja,Bose,Female,31,79611-11028,pooja.bose64@gmail.com,Mumbai,2024-02-17,Regular
1370,Vihaan,Sharma,Male,43,62024-55910,vihaan.sharma31@gmail.com,Bangalore,2025-06-19,Regular
1371,Vihaan,Pillai,Male,42,90903-26714,vihaan.pillai85@gmail.com,Chennai,2024-09-26,Regular
1372,Ravi,Bose,Male,31,72179-42817,ravi.bose87@gmail.com,Chennai,2024-05-25,Wholesale
1373,Yash,Pandey,Male,35,72775-84466,yash.pandey40@gmail.com,Delhi,2025-06-08,Walk-in
1374,Riya,Singh,Female,54,62201-09121,riya.singh67@gmail.com,Pune,2023-02-07,Wholesale
1375,Bhavna,Kulkarni,Female,19,79376-61894,bhavna.kulkarni36@gmail.com,Mumbai,2025-12-02,Regular
1376,Nikhil,Gupta,Male,63,63510-04627,nikhil.gupta69@gmail.com,Mumbai,2025-07-23,Regular
1377,Aditi,Nair,Female,49,76592-02461,aditi.nair72@gmail.com,Chennai,2025-06-21,Seasonal
1378,Vihaan,Rao,Male,32,83897-43260,vihaan.rao11@gmail.com,Jaipur,2025-12-31,Seasonal
1379,Kriti,Bose,Female,47,75017-83325,kriti.bose97@gmail.com,Hyderabad,2025-09-16,Wholesale
1380,Komal,Jain,Female,54,86079-84870,komal.jain46@gmail.com,Pune,2024-07-27,Regular
1381,Raj,Chaudhary,Male,35,67993-59374,raj.chaudhary48@gmail.com,Chennai,2025-01-20,Seasonal
1382,Ritesh,Rao,Male,37,76408-30373,ritesh.rao60@gmail.com,Bangalore,2023-01-25,Regular
1383,Shubham,Malhotra,Male,45,78860-84907,shubham.malhotra84@gmail.com,Pune,2024-12-04,Regular
1384,Bhavna,Iyer,Female,33,86852-83061,bhavna.iyer52@gmail.com,Mumbai,2025-09-03,Seasonal
1385,Aditya,Nair,Male,53,72446-26325,aditya.nair22@gmail.com,Hyderabad,2025-05-28,Seasonal
1386,Rashmi,Das,Female,28,91210-31421,rashmi.das67@gmail.com,Bangalore,2024-09-13,Regular
1387,Komal,Iyer,Female,48,69415-15263,komal.iyer79@gmail.com,Chennai,2025-01-10,Regular
1388,Arjun,Gupta,Male,51,85288-37505,arjun.gupta59@gmail.com,Hyderabad,2025-08-10,Regular
1389,Shubham,Verma,Male,31,63239-79137,shubham.verma81@gmail.com,Hyderabad,2025-07-18,Regular
1390,Anjali,Deshmukh,Female,38,80073-09505,anjali.deshmukh93@gmail.com,Bangalore,2024-01-04,Walk-in
1391,Preeti,Chopra,Female,24,92198-81927,preeti.chopra73@gmail.com,Hyderabad,2025-10-10,Seasonal
1392,Kavya,Bose,Female,29,95348-64010,kavya.bose48@gmail.com,Jaipur,2025-03-12,Regular
1393,Muskan,Jain,Female,22,84561-85174,muskan.jain48@gmail.com,Hyderabad,2024-01-14,Regular
1394,Divya,Gupta,Female,73,92899-15114,divya.gupta52@gmail.com,Bangalore,2024-03-04,Walk-in
1395,Suresh,Mehta,Male,31,93044-88189,suresh.mehta98@gmail.com,Mumbai,2024-10-09,Seasonal
1396,Kavya,Rao,Female,37,60461-54021,kavya.rao22@gmail.com,Bangalore,2025-10-29,Regular
1397,Aditya,Rao,Male,32,60756-81429,aditya.rao81@gmail.com,Pune,2025-05-07,Seasonal
1398,Harsh,Gupta,Male,45,89107-32283,harsh.gupta62@gmail.com,Bangalore,2023-09-25,Seasonal
1399,Tanvi,Malhotra,Female,70,87830-63963,tanvi.malhotra77@gmail.com,Pune,2024-03-10,Walk-in
1400,Tanvi,Agarwal,Female,51,74391-64970,tanvi.agarwal24@gmail.com,Mumbai,2024-04-07,Regular
1401,Madhuri,Nair,Female,48,89132-03301,madhuri.nair97@gmail.com,Chennai,2024-04-21,Seasonal
1402,Kavya,Pillai,Female,40,93106-15372,kavya.pillai28@gmail.com,Delhi,2025-03-05,Regular
1403,Divya,Agarwal,Female,48,68473-23653,divya.agarwal95@gmail.com,Delhi,2025-12-06,Regular
1404,Raj,Mishra,Male,30,76040-67200,raj.mishra68@gmail.com,Delhi,2024-04-14,Regular
1405,Kavya,Rao,Female,42,72442-60781,kavya.rao85@gmail.com,Jaipur,2024-06-04,Regular
1406,Manish,Mehta,Male,54,77642-73720,manish.mehta40@gmail.com,Mumbai,2025-07-16,Regular
1407,Deepak,Verma,Male,61,81458-41484,deepak.verma61@gmail.com,Hyderabad,2023-10-18,Wholesale
1408,Vikram,Rao,Male,51,74389-98278,vikram.rao10@gmail.com,Chennai,2023-01-11,Seasonal
1409,Bhavna,Das,Female,55,69507-32146,bhavna.das42@gmail.com,Bangalore,2025-05-20,Regular
1410,Akash,Jain,Male,26,71679-33505,akash.jain55@gmail.com,Kolkata,2024-05-03,Walk-in
1411,Shreya,Singh,Female,38,68011-92360,shreya.singh36@gmail.com,Pune,2024-09-30,Walk-in
1412,Aditya,Mukherjee,Male,45,62333-51040,aditya.mukherjee85@gmail.com,Kolkata,2024-05-23,Regular
1413,Vaishnavi,Mehta,Female,47,95391-14983,vaishnavi.mehta15@gmail.com,Pune,2024-05-21,Wholesale
1414,Ritesh,Shetty,Male,31,97365-11893,ritesh.shetty83@gmail.com,Mumbai,2024-08-06,Walk-in
1415,Ritu,Deshmukh,Female,36,68201-90432,ritu.deshmukh30@gmail.com,Chennai,2024-01-24,Wholesale
1416,Rahul,Chaudhary,Male,23,83247-07392,rahul.chaudhary14@gmail.com,Kolkata,2023-04-15,Regular
1417,Anjali,Shetty,Female,44,76212-76025,anjali.shetty14@gmail.com,Jaipur,2024-12-16,Regular
1418,Kavya,Reddy,Female,75,83126-16324,kavya.reddy76@gmail.com,Pune,2025-12-13,Seasonal
1419,Vaishnavi,Chopra,Female,22,89893-76297,vaishnavi.chopra45@gmail.com,Bangalore,2024-11-06,Regular
1420,Mohit,Naidu,Male,25,93646-87191,mohit.naidu98@gmail.com,Delhi,2023-01-28,Seasonal
1421,Sameer,Das,Male,23,98769-20828,sameer.das39@gmail.com,Chennai,2025-05-04,Regular
1422,Amit,Pandey,Male,34,93881-58814,amit.pandey43@gmail.com,Bangalore,2024-03-10,Regular
1423,Vihaan,Agarwal,Male,24,63231-82971,vihaan.agarwal64@gmail.com,Pune,2025-10-07,Seasonal
1424,Sameer,Shetty,Male,38,77245-00000,sameer.shetty13@gmail.com,Mumbai,2023-03-26,Regular
1425,Arjun,Das,Male,54,87178-50902,arjun.das55@gmail.com,Hyderabad,2024-12-10,Regular
1426,Shubham,Saxena,Male,54,74421-82998,shubham.saxena71@gmail.com,Pune,2024-09-24,Regular
1427,Rohan,Gupta,Male,29,78905-67086,rohan.gupta69@gmail.com,Chennai,2023-11-03,Wholesale
1428,Aarav,Mukherjee,Male,44,73655-15848,aarav.mukherjee29@gmail.com,Delhi,2024-10-15,Walk-in
1429,Vikram,Agarwal,Male,51,84835-50542,vikram.agarwal83@gmail.com,Hyderabad,2024-01-22,Seasonal
1430,Akash,Mishra,Male,50,96336-99879,akash.mishra55@gmail.com,Hyderabad,2025-01-09,Seasonal
1431,Rohan,Reddy,Male,36,94016-48188,rohan.reddy10@gmail.com,Delhi,2024-05-12,Wholesale
1432,Deepak,Mishra,Male,74,63836-38164,deepak.mishra41@gmail.com,Hyderabad,2023-02-03,Regular
1433,Abhishek,Jain,Male,47,72894-64203,abhishek.jain63@gmail.com,Mumbai,2025-03-08,Regular
1434,Payal,Naidu,Female,46,63144-17064,payal.naidu90@gmail.com,Bangalore,2024-06-30,Regular
1435,Bhavna,Joshi,Female,27,92635-58243,bhavna.joshi12@gmail.com,Bangalore,2025-08-29,Regular
1436,Neha,Agarwal,Female,52,74898-80315,neha.agarwal40@gmail.com,Pune,2025-09-14,Regular
1437,Ravi,Kumar,Male,26,72790-50404,ravi.kumar40@gmail.com,Pune,2024-04-20,Regular
1438,Varun,Chaudhary,Male,37,73849-51632,varun.chaudhary23@gmail.com,Delhi,2023-12-31,Regular
1439,Komal,Chopra,Female,40,98093-39137,komal.chopra37@gmail.com,Bangalore,2023-11-26,Seasonal
1440,Meera,Patel,Female,18,60119-87561,meera.patel69@gmail.com,Delhi,2025-07-28,Regular
1441,Aarav,Saxena,Male,27,83009-15618,aarav.saxena26@gmail.com,Delhi,2025-09-26,Wholesale
1442,Vikram,Das,Male,38,65774-49160,vikram.das89@gmail.com,Pune,2025-07-20,Regular
1443,Jyoti,Malhotra,Female,35,72014-91189,jyoti.malhotra46@gmail.com,Hyderabad,2023-05-30,Seasonal
1444,Vikram,Jain,Male,52,65092-63223,vikram.jain87@gmail.com,Hyderabad,2025-03-17,Regular
1445,Vikram,Chopra,Male,61,75561-14042,vikram.chopra76@gmail.com,Chennai,2024-01-22,Wholesale
1446,Anjali,Sharma,Female,53,73766-60811,anjali.sharma26@gmail.com,Jaipur,2024-01-10,Regular
1447,Rahul,Pandey,Male,53,98356-69106,rahul.pandey29@gmail.com,Pune,2025-02-07,Regular
1448,Payal,Mehta,Female,33,92345-50688,payal.mehta33@gmail.com,Delhi,2024-02-25,Regular
1449,Anjali,Pandey,Female,18,66829-38440,anjali.pandey24@gmail.com,Delhi,2024-10-10,Regular
1450,Shubham,Verma,Male,33,63543-78826,shubham.verma15@gmail.com,Bangalore,2024-11-26,Walk-in
1451,Jyoti,Naidu,Female,61,90157-09085,jyoti.naidu82@gmail.com,Delhi,2025-02-03,Regular
1452,Neha,Pillai,Female,52,80749-26999,neha.pillai90@gmail.com,Delhi,2024-11-15,Seasonal
1453,Preeti,Shetty,Female,55,78997-18428,preeti.shetty56@gmail.com,Hyderabad,2025-11-23,Regular
1454,Rohan,Kulkarni,Male,29,94084-99323,rohan.kulkarni23@gmail.com,Delhi,2023-04-25,Regular
1455,Bhavna,Nair,Female,47,66980-69087,bhavna.nair29@gmail.com,Chennai,2024-03-01,Walk-in
1456,Bhavna,Agarwal,Female,54,97234-83893,bhavna.agarwal51@gmail.com,Hyderabad,2025-11-05,Regular
1457,Anjali,Singh,Female,19,88040-56129,anjali.singh88@gmail.com,Delhi,2024-01-16,Walk-in
1458,Yash,Pillai,Male,43,78264-18696,yash.pillai54@gmail.com,Delhi,2024-02-07,Seasonal
1459,Aarav,Yadav,Male,37,66123-85951,aarav.yadav42@gmail.com,Mumbai,2025-05-17,Regular
1460,Rashmi,Nair,Female,42,89484-00273,rashmi.nair10@gmail.com,Jaipur,2023-09-21,Wholesale
1461,Jyoti,Jain,Female,49,61016-83113,jyoti.jain88@gmail.com,Chennai,2024-01-14,Seasonal
1462,Arjun,Jain,Male,50,99414-91507,arjun.jain62@gmail.com,Kolkata,2025-11-19,Regular
1463,Gaurav,Pillai,Male,62,66205-34407,gaurav.pillai66@gmail.com,Pune,2024-05-24,Wholesale
1464,Pooja,Patel,Female,36,62662-92508,pooja.patel21@gmail.com,Pune,2025-09-09,Wholesale
1465,Ritu,Jain,Female,21,92991-40688,ritu.jain43@gmail.com,Bangalore,2023-04-10,Regular
1466,Rahul,Chopra,Male,27,81255-23561,rahul.chopra69@gmail.com,Bangalore,2024-02-10,Seasonal
1467,Aanya,Mehta,Female,49,81192-06136,aanya.mehta40@gmail.com,Bangalore,2025-12-09,Regular
1468,Ananya,Chopra,Female,44,68956-13371,ananya.chopra95@gmail.com,Delhi,2024-06-06,Regular
1469,Tanvi,Patel,Female,49,89502-64801,tanvi.patel65@gmail.com,Kolkata,2024-01-28,Regular
1470,Manish,Mehta,Male,45,71678-12778,manish.mehta31@gmail.com,Pune,2025-02-08,Walk-in
1471,Ravi,Gupta,Male,39,97982-13486,ravi.gupta31@gmail.com,Bangalore,2025-06-24,Seasonal
1472,Kriti,Naidu,Female,36,63638-31828,kriti.naidu97@gmail.com,Chennai,2025-07-29,Seasonal
1473,Harsh,Singh,Male,37,60798-66177,harsh.singh99@gmail.com,Kolkata,2023-09-12,Seasonal
1474,Krishna,Jain,Male,46,80506-82122,krishna.jain38@gmail.com,Bangalore,2025-06-17,Regular
1475,Arjun,Jain,Male,37,70587-14692,arjun.jain19@gmail.com,Bangalore,2024-03-30,Regular
1476,Suresh,Nair,Male,44,79679-08984,suresh.nair40@gmail.com,Jaipur,2024-11-07,Regular
1477,Kriti,Yadav,Female,32,92205-09386,kriti.yadav86@gmail.com,Mumbai,2025-05-09,Seasonal
1478,Anjali,Nair,Female,27,79598-81145,anjali.nair67@gmail.com,Delhi,2025-09-17,Regular
1479,Kriti,Shetty,Female,37,97152-38676,kriti.shetty71@gmail.com,Mumbai,2023-12-03,Regular
1480,Aarav,Saxena,Male,45,64619-17798,aarav.saxena73@gmail.com,Mumbai,2024-03-17,Regular
1481,Komal,Mishra,Female,37,82589-37085,komal.mishra97@gmail.com,Bangalore,2024-07-23,Regular
1482,Ritesh,Banerjee,Male,28,85040-56695,ritesh.banerjee97@gmail.com,Delhi,2024-01-20,Regular
1483,Ritesh,Iyer,Male,55,84825-54428,ritesh.iyer60@gmail.com,Chennai,2024-07-20,Regular
1484,Rohan,Deshmukh,Male,36,72328-94633,rohan.deshmukh79@gmail.com,Hyderabad,2025-10-21,Regular
1485,Harsh,Jain,Male,28,84152-85725,harsh.jain59@gmail.com,Hyderabad,2023-10-22,Seasonal
1486,Yash,Pillai,Male,30,83589-51381,yash.pillai81@gmail.com,Chennai,2025-07-09,Regular
1487,Aanya,Banerjee,Female,42,68468-50957,aanya.banerjee97@gmail.com,Pune,2024-05-13,Regular
1488,Aarav,Mehta,Male,38,79189-11797,aarav.mehta31@gmail.com,Delhi,2023-09-25,Walk-in
1489,Tanvi,Singh,Female,27,70153-64154,tanvi.singh68@gmail.com,Jaipur,2023-06-17,Seasonal
1490,Aditya,Mehta,Male,27,85936-78136,aditya.mehta67@gmail.com,Delhi,2025-01-24,Seasonal
1491,Vivek,Kumar,Male,50,81410-52769,vivek.kumar77@gmail.com,Bangalore,2025-03-04,Regular
1492,Rashmi,Patel,Female,37,87045-23888,rashmi.patel54@gmail.com,Mumbai,2024-03-11,Seasonal
1493,Rashmi,Malhotra,Female,21,66059-86787,rashmi.malhotra45@gmail.com,Pune,2024-03-26,Regular
1494,Raj,Das,Male,27,78548-59655,raj.das88@gmail.com,Hyderabad,2024-09-14,Regular
1495,Ankit,Bose,Male,42,91650-20002,ankit.bose49@gmail.com,Delhi,2024-04-27,Regular
1496,Arjun,Singh,Male,67,81551-30557,arjun.singh14@gmail.com,Bangalore,2024-11-20,Regular
1497,Rashmi,Naidu,Female,30,81444-88966,rashmi.naidu85@gmail.com,Delhi,2025-09-09,Seasonal
1498,Raj,Pandey,Male,30,86774-62025,raj.pandey75@gmail.com,Bangalore,2025-12-27,Regular
1499,Mohit,Deshmukh,Male,34,73183-28123,mohit.deshmukh18@gmail.com,Mumbai,2023-11-07,Regular
1500,Krishna,Chaudhary,Male,29,94910-60183,krishna.chaudhary63@gmail.com,Mumbai,2024-03-22,Seasonal
